lakeid,lake,unique,state_province,HydroLAKE_ID,GRanD_id,latitude,longitude,surface_area_km2,reservoir_nonreservoir,date_dam_completion,motorboat_restriction,motorboat_restriction_notes,primary_emergent_veg,primary_veg_for_nesting,management_agency,lake_use,region_associations,comments
aech_00001,Amisk Lake,Amisk LakeAB558,AB,558,,,,,,,,,,,,,,
aech_00002,Angling Lake,Angling LakeAB,AB,,,54.198439,-110.329567,,,,,,,,,,,
aech_00003,Battle Lake,Battle LakeAB,AB,,,52.9683333,-114.1891667,,,,,,,,,,,
aech_00004,Beaverhill Lake/Beaver Hill Lake,Beaverhill Lake/Beaver Hill LakeAB563,AB,563,,54.364583,-94.865754,,,,,,,,,,,
aech_00005,Bens Lake,Bens LakeAB,AB,,,53.657955,-111.881033,,,,,,,,,,,
aech_00006,Big Lake,Big LakeAB,AB,,,53.594926,-113.718828,,,,,,,,,,,
aech_00007,Blood Indian Creek Reservoir,Blood Indian Creek ReservoirAB,AB,,,51.25,-111.2083333,,,,,,,,,,,
aech_00008,Brock Lake,Brock LakeAB,AB,,,53.8141667,-114.8433333,,,,,,,,,,,
aech_00009,Bruce Lake,Bruce LakeAB,AB,,,54.9413889,-114.2416667,,,,,,,,,,,
aech_00010,Buck Lake,Buck LakeAB,AB,,,52.985,-114.7638889,,,,,,,,,,,
aech_00011,Buffalo Lake,Buffalo LakeAB397,AB,397,,52.4925,-112.915555,,,,,,,,,,,
aech_00012,Cardinal Lake,Cardinal LakeAB,AB,,,,,,,,,,,,,,,
aech_00013,Cardinal Lake/Lac Cardinal,Cardinal Lake/Lac CardinalAB,AB,,,56.2355556,-117.7255556,,,,,,,,,,,
aech_00014,Coal Lake,Coal LakeAB,AB,,,53.0747222,-113.2713889,,,,,,,,,,,
aech_00015,Cold Lake,Cold LakeAB551,AB,551,,54.567004,-109.845195,,,,,,,,,,,
aech_00016,Conn Lake,Conn LakeAB,AB,,,54.523889,-111.113611,,,,,,,,,,,
aech_00017,Cooking Lake,Cooking LakeAB,AB,,,53.4330555,-113.0291667,,,,,,,,,,,
aech_00018,Crow Indian Lake,Crow Indian LakeAB,AB,,,49.3697222,-111.7841667,,,,,,,,,,,
aech_00019,Cushing Lake,Cushing LakeAB,AB,,,54.0619445,-110.4352778,,,,,,,,,,,
aech_00020,Deadhorse Lake,Deadhorse LakeAB,AB,,,51.065,-112.6666667,,,,,,,,,,,
aech_00021,Dinosaur Provincial Lake,Dinosaur Provincial LakeAB,AB,,,50.764615,-111.516868,,,,,,,,,,,
aech_00022,Driedmeat Lake,Driedmeat LakeAB,AB,,,52.8647222,-112.7497222,,,,,,,,,,,
aech_00023,Eagle Lake,Eagle LakeAB687,AB,687,,51.005714,-113.314339,,,,,,,,,,,
aech_00024,Ethel Lake,Ethel LakeAB,AB,,,54.5319444,-110.3511111,,,,,,,,,,,
aech_00025,Etzikom Coulee,Etzikom CouleeAB,AB,,,49.4797222,-112.1441667,,,,,,,,,,,
aech_00026,Fincastle Lake,Fincastle LakeAB,AB,,,,,,,,,,,,,,,
aech_00027,Fincastle Lake/Fincastle Reservoir,Fincastle Lake/Fincastle ReservoirAB,AB,,,49.8291667,-111.9819444,,,,,,,,,,,
aech_00028,Fork Lake,Fork LakeAB,AB,,,54.4658333,-111.5802778,,,,,,,,,,,
aech_00029,Forty Mile Coulee Reservoir,Forty Mile Coulee ReservoirAB,AB,,,49.554961,-111.206991,,,,,,,,,,,
aech_00030,Fox Lake,Fox LakeAB,AB,,,58.4322222,-114.4005556,,,,,,,,,,,
aech_00031,Frank Lake,Frank LakeAB,AB,,,50.560569,-113.709611,,,,,,,Schoenoplectus; Typha,,,,
aech_00032,Frog Lake,Frog LakeAB,AB,,,53.9138889,-110.3338889,,,,,,,,,,,
aech_00033,Garner Lake,Garner LakeAB,AB,,,54.1983334,-111.7297222,,,,,,,,,,,
aech_00034,Genesee Lake,Genesee LakeAB,AB,,,53.3430555,-114.3422222,,,,,,,,,,,
aech_00035,Gleniffer Lake,Gleniffer LakeAB,AB,,,52.0263889,-114.2702778,,,,,,,,,,,
aech_00036,Gull Lake,Gull LakeAB,AB,,,52.5416667,-114.0075,,,,,,,,,,,
aech_00037,Handhills Lake,Handhills LakeAB,AB,,,51.4938889,-112.1272222,,,,,,,,,,,
aech_00038,Harold Lake,Harold LakeAB,AB,,,54.4683333,-110.5916667,,,,,,,,,,,
aech_00039,Hastings Lake,Hastings LakeAB,AB,,,53.4175,-112.9097222,,,,,,,bulrush,,,,
aech_00040,Horsefly Reservoir,Horsefly ReservoirAB,AB,,,,,,,,,,,,,,,
aech_00041,Isle Lake,Isle LakeAB,AB,,,53.6263889,-114.7280556,,,,,,,bulrush (Scirpus spp),,,,
aech_00042,Lac La Biche/LLB Lake,Lac La Biche/LLB LakeAB531,AB,531,,54.959644,-112.248958,,,,,,,,Sir Winston Churchill Provincial Park,,,
aech_00043,Lac La Nonne,Lac La NonneAB,AB,,,53.9372222,-114.3197222,,,,,,,bulrush,,,,
aech_00044,Lac Sante,Lac SanteAB,AB,,,53.8425,-111.5538889,,,,,,,,,,,
aech_00045,Lac Ste. Anne,Lac Ste. AnneAB672,AB,672,2006,,,,,,,,,bulrush (Scirpus spp),,,,
aech_00046,Lake Newell,Lake NewellAB,AB,,,,,,,,,,,,,,,
aech_00047,Lake Newell and Kitsim Reservoir,Lake Newell and Kitsim ReservoirAB,AB,,,50.4344444,-111.935,,,,,,,,,,,
aech_00048,Landry Lake,Landry LakeAB,AB,,,54.2086111,-110.6230556,,,,,,,,,,,
aech_00049,Lesser Slave Lake,Lesser Slave LakeAB42,AB,42,,55.306762,-114.773391,,,,,,,bulrush| Scirpus spp.| Scirpus spp.,Lesser Slave Lake Wildlands Provincial Park,,,
aech_00050,Little Fish Lake,Little Fish LakeAB,AB,,,51.3772222,-112.2336111,,,,,,,,,,,
aech_00051,Louisiana Lakes Reservoir,Louisiana Lakes ReservoirAB,AB,,,50.548579,-111.639047,,,,,,,,,,,
aech_00052,Manatokan Lake,Manatokan LakeAB,AB,,,54.4647222,-110.9458333,,,,,,,,,,,
aech_00053,Marguerite Lake,Marguerite LakeAB,AB,,,54.6188889,-110.7525,,,,,,,,,,,
aech_00054,McGregor Lake,McGregor LakeAB,AB,,,,,,,,,,,,,,,
aech_00055,Ministik Lake,Ministik LakeAB,AB,,,53.3380556,-113.0213889,,,,,,,,,,,
aech_00056,Miquelon Lake,Miquelon LakeAB,AB,,,53.2425,-112.8975,,,,,,,,,,,
aech_00057,Missawawi Lake,Missawawi LakeAB,AB,,,54.7263889,-112.17,,,,,,,,,,,
aech_00058,Moose Lake,Moose LakeAB48,AB,48,,54.2511111,-110.9069444,,,,,,,Schoenoplectus,,,,
aech_00059,Muriel Lake,Muriel LakeAB,AB,,,54.1461111,-110.6891667,,,,,,,,,,,
aech_00060,Murray Lake,Murray LakeAB,AB,,,49.8133333,-110.9538889,,,,,,,Typha,,,,
aech_00061,Namaka Lake,Namaka LakeAB,AB,,,50.9341667,-113.2152778,,,,,,,,,,,
aech_00062,North Buck Lake,North Buck LakeAB,AB,,,54.6769445,-112.5461111,,,,,,,,,,,
aech_00063,Oakland Lake,Oakland LakeAB,AB,,,51.3905556,-111.8369444,,,,,,,,,,,
aech_00064,Pakowki Lake,Pakowki LakeAB,AB,,,49.3066667,-110.905,,,,,,,,,,,
aech_00065,Peace River,Peace RiverAB,AB,,,58.32,-116.32,,,,,,,,,,,
aech_00066,Pigeon Lake (Woodpecker Lake),Pigeon Lake (Woodpecker Lake)AB7014,AB,7014,,52.968913,-113.977201,,,,,,,,,,,
aech_00067,Pine Lake,Pine LakeAB,AB,,,52.0886111,-113.4425,,,,,,,,,,,
aech_00068,Rattlesnake Lake/Sauder's Reservoir,Rattlesnake Lake/Sauder's ReservoirAB,AB,,,49.9808333,-110.9961111,,,,,,,,,,,
aech_00069,Reita Lake,Reita LakeAB,AB,,,54.1366667,-110.4197222,,,,,,,,,,,
aech_00070,Sandy Lake,Sandy LakeAB,AB,,,,,,,,,,,,,,,
aech_00071,Sandy Lake,Sandy LakeAB604,AB,604,,53.7875,-114.041389,,,,,,,bulrush,,,,
aech_00072,Saskatoon Lake,Saskatoon LakeAB,AB,,,55.2197222,-119.0927778,,,,,,,,,,,
aech_00073,Scope Reservoir/Scope Lake/Hays Lake/Hays Reservoir,Scope Reservoir/Scope Lake/Hays Lake/Hays ReservoirAB,AB,,,50.059623,-111.817639,,,,,,,,,,,
aech_00074,Seven Persons Lake,Seven Persons LakeAB,AB,,,49.8586111,-110.9055556,,,,,,,,,,,
aech_00075,Shanks Lake,Shanks LakeAB,AB,,,49.0694444,-112.7280556,,,,,,,,,,,
aech_00076,Shooting Lake,Shooting LakeAB,AB,,,52.1805555,-112.3555556,,,,,,,,,,,
aech_00077,Skeleton Lake,Skeleton LakeAB,AB,,,54.6219444,-112.7247222,,,,,,,,,,,
aech_00078,Stobart Lake,Stobart LakeAB,AB,,,50.9158333,-113.1838889,,,,,,,Schoenoplectus,,,,
aech_00079,Suncor Base Plant,Suncor Base PlantAB,AB,,,57.011975,-111.480394,,,,,,,,,,,
aech_00080,Sylvan Lake,Sylvan LakeAB,AB,,,52.3552777,-114.1552778,,,,,,,,,,,
aech_00081,Taber Lake,Taber LakeAB,AB,,,49.8033333,-112.0925,,,,,,,,,,,
aech_00082,Thunder Lake,Thunder LakeAB,AB,,,54.1269444,-114.7583333,816 ha,,,,,,,,,,
aech_00083,Tilley A Reservoir,Tilley A ReservoirAB,AB,,,,,,,,,,,,,,,
aech_00084,Tilley B Reservoir,Tilley B ReservoirAB,AB,,,,,,,,,,,,,,,
aech_00085,Tyrell Lake,Tyrell LakeAB323,AB,323,,,,,,,,,,,,,,
aech_00086,Upper Therien Lake,Upper Therien LakeAB,AB,,,53.9658334,-111.2886111,,,,,,,,,,,
aech_00087,Utikuma Lake,Utikuma LakeAB494,AB,494,,55.925215,-115.390625,,,,,,,Schoenoplectus,,,,
aech_00088,Wabamun Lake,Wabamun LakeAB6821,AB,6821,,53.535647,-114.445009,7925.6 ha,,,,,,bulrush (Scirpus spp),,,,
aech_00089,Watt Lake,Watt LakeAB,AB,,,53.7091667,-111.9355556,,,,,,,,,,,
aech_00090,Whitefish Lake,Whitefish LakeAB334,AB,334,,,,,,,,,,,,,,
aech_00091,Winagami Lake,Winagami LakeAB,AB,,,55.6455555,-116.77,,,,,,,,,,,
aech_00092,Wolf Lake,Wolf LakeAB,AB,,,54.6941667,-110.9558333,,,,,,,,,,,
aech_00093,Alamo Lake,Alamo LakeAZ,AZ,,,34.255385,-113.579842,,,,,,,,,,,
aech_00094,Becker Lake,Becker LakeAZ,AZ,,,34.1529729,-109.3064206,,,,,,,,,,,
aech_00095,Bill Williams River National Wildlife Refuge,Bill Williams River National Wildlife RefugeAZ,AZ,,,,,6000 acres (whole refuge),non-reservoir,,,,,,,,,
aech_00096,Cibola National Wildlife Refuge,Cibola National Wildlife RefugeAZ,AZ,,,,,,,,,,,,,,,
aech_00097,Colorado River,Colorado RiverAZ,AZ,,,,,,,,,,,,,,,
aech_00098,"Cow Springs Lake, Navajo Indian Reservation","Cow Springs Lake, Navajo Indian ReservationAZ",AZ,,,36.41494,-110.837122,,,,,,,,,,,
aech_00099,Ganado Lake,Ganado LakeAZ,AZ,,,35.7375943,-109.5184787,,,,,,,,,,,
aech_00100,Imperial National Wildlife Refuge,Imperial National Wildlife RefugeAZ,AZ,,,,,,reservoir,1911,,,,tamarisk,,,,
aech_00101,"Imperial Reservoir and Martinez Lake, Imperial National Wildlife Refuge (NWR)","Imperial Reservoir and Martinez Lake, Imperial National Wildlife Refuge (NWR)AZ",AZ,,,32.911508,-114.472287,,,,,,,,,,,
aech_00102,Kinnikinick Lake,Kinnikinick LakeAZ,AZ,,,34.8950277778,-111.3054455,,,,partial,single electric motor or single gasoline engine <=10 horsepower.,,,,,,
aech_00103,"Lake Mead, upper","Lake Mead, upperAZ809",AZ,809,610,36.018191,-114.735006,,,,,,,,,,,
aech_00104,Lyman Lake,Lyman LakeAZ113156,AZ,113156,627,34.368424,-109.380173,,,,,,,,,,,
aech_00105,"Many Farms Lake, Cow Springs, Ganado Lake, Navajo Indian Reservation","Many Farms Lake, Cow Springs, Ganado Lake, Navajo Indian ReservationAZ",AZ,,,,,,,,,,,,,,,
aech_00106,"Many Farms Lake, Navajo Indian Reservation","Many Farms Lake, Navajo Indian ReservationAZ",AZ,,,,,,,,,,,,,,,
aech_00107,Martinez Lake,Martinez LakeAZ,AZ,,,,,,reservoir,1911,,,,tamarisk,,,,
aech_00108,Mormon Lake,Mormon LakeAZ,AZ,,,34.955809,-111.450774,,,,,,,,,,,
aech_00109,"Navajo tribal lakes, several lakes not named except Ganado Lake","Navajo tribal lakes, several lakes not named except Ganado LakeAZ",AZ,,,,,,,,,,,,,,,
aech_00110,Painted Rock Reservoir,Painted Rock ReservoirAZ108546,AZ,108546,347,,,,,,,,,,,,,
aech_00111,"Red Lake, Navajo Indian Reservation","Red Lake, Navajo Indian ReservationAZ",AZ,,,34.9020971,-109.5947799,,,,,,,,,,,
aech_00112,Roosevelt Lake,Roosevelt LakeAZ9422,AZ,9422,647,,,,reservoir,1911,,,,tamarisk,,,,
aech_00113,Saguaro Lake,Saguaro LakeAZ,AZ,,,,,,,,,,,,,,,
aech_00114,San Carlos Lake,San Carlos LakeAZ9440,AZ,9440,656,33.176265,-110.522895,19500 acres,,,,,,,,,,
aech_00115,San Carlos Lake,San Carlos LakeAZ9440,AZ,9440,656,33.176265,-110.522895,33375 km2,reservoir,1930,,,,cattail; bulrush; tamarisk,,,,
aech_00116,British Columbia,British ColumbiaBC,BC,,,,,,,,,,,,,,,
aech_00117,Creston Valley WMA (CVWMA),Creston Valley WMA (CVWMA)BC,BC,,,,,,,,,,,,,,,
aech_00118,"Duck Lake, Creston Valley WMA (CVWMA)","Duck Lake, Creston Valley WMA (CVWMA)BC",BC,,,49.228811,-116.635142,1200 ha| 1500 ha,,,,,Typha,Typha; Myriophylum| Cattail| reed canary grass; bulrush,International Joint Commission,,,
aech_00119,"Fernie, unnamed lake nearby","Fernie, unnamed lake nearbyBC",BC,,,49.532932,-115.003461,,,,,,,,,,,
aech_00120,Kamloops Lake,Kamloops LakeBC,BC,,,50.727006,-120.584647,,,,,,,,,,,
aech_00121,"Kootenay Lake, Creston Valley WMA (CVWMA)","Kootenay Lake, Creston Valley WMA (CVWMA)BC696",BC,696,279,49.468780,-117.465095,,,,,,,,International Joint Commission,,,
aech_00122,"Leach Lake, Creston Valley WMA (CVWMA)","Leach Lake, Creston Valley WMA (CVWMA)BC",BC,,,49.170194,-116.626351,,,,,,,,International Joint Commission,,,
aech_00123,Okanagan Lake,Okanagan LakeBC695,BC,695,,49.502946,-119.609375,,,,,,,cattail,Okanagan Indian Band,,,
aech_00124,Sanctuary Lake,Sanctuary LakeBC,BC,,,50.163305,-120.192598,,,,,,,,,,,
aech_00125,Shuswap Lake,Shuswap LakeBC653,BC,653,,50.881935,-119.560272,310 km2,,,,,willows,pond weed; sticks; emergent logs| Cattail| reed canary grass; bulrush| pond weed,,,,
aech_00126,"Shuswap Lake, Salmon Arm","Shuswap Lake, Salmon ArmBC653",BC,653,,50.758648,-119.300196,,,,,,,willow,"SABNES (Ministry of Environment, Lands and Parks, Department of Fisheries and Oceans, Canadian Wildlife Service, Ducks Unlimited)",,,
aech_00127,"Summerland, unnamed lake nearby","Summerland, unnamed lake nearbyBC",BC,,,49.589771,-119.725614,,,,,,,,,,,
aech_00128,Swan Lake (Vernon),Swan Lake (Vernon)BC,BC,,,,,,,,,,,cattail,,,,
aech_00129,Swan Lake,Swan LakeBC,BC,,,50.163305,-120.192598,,,,,,Scirpus,Scirpus; Ranunculus; Leinna; Spirogyra| round-stem bulrush (Scirpus acutus),Crown; private; Indian Reserve; Nature Trust of British Columbia,,,
aech_00130,Westham Island,Westham IslandBC,BC,,,49.115255,-123.183705,,,,,,cattail (Typha latifolia),,International Joint Commission,,,
aech_00131,White Lake,White LakeBC8278,BC,8278,1407,50.879970,-119.278272,,,,,,,,,,,
aech_00132,Williams Lake,Williams LakeBC,BC,,,52.112321,-122.050893,,,,,,Scirpus,Myriophyllum| Cattail| round-stem bulrush (Scirpus acutus)| Scirpus,Indian Reserve No. 1 (Sugar Cane Reserve); local First Nations band,,,
aech_00133,Antelope Lake,Antelope LakeCA112136,CA,112136,137,40.181680,-120.605896,,non-reservoir,,,,,,,,,
aech_00134,Havasu National Wildlife Refuge,Havasu National Wildlife RefugeCA; AZ9392,CA; AZ,9392,629,,,,,,,,,,,,,
aech_00135,Havasu National Wildlife Refuge including Topock Marsh,Havasu National Wildlife Refuge including Topock MarshCA; AZ9392,CA; AZ,9392,629,,,,,,,,,,,,,
aech_00136,"Havasu National Wildlife Refuge, Topock Marsh","Havasu National Wildlife Refuge, Topock MarshCA; AZ9392",CA; AZ,9392,629,,,,,,,,,,,,,
aech_00137,Lake Havasu,Lake HavasuCA; AZ9392,CA; AZ,9392,629,34.484480,-114.386501,,,,,,,,,,,
aech_00138,Batiquitos Lagoon,Batiquitos LagoonCA,CA,,,,,,,,,,,,,,,
aech_00139,Big Lake,Big LakeCA,CA,,,41.10928,-121.437077,,,,,,,,,,,
aech_00140,"Big Lake, Horr Pond","Big Lake, Horr PondCA",CA,,,,,,,,,,,,,,,
aech_00141,Black Butte Lake,Black Butte LakeCA9202,CA,9202,144,39.814583,-122.339583,,,,,,,,,,,
aech_00142,Bridgeport Reservoir,Bridgeport ReservoirCA112483,CA,112483,546,38.325225,-119.212814,,,,,,water smartweed,water smartweed,,,,
aech_00143,Buena Vista Lagoon,Buena Vista LagoonCA,CA,,,33.1726584,-117.3503015,,,,,,,,,,,
aech_00144,"Buena Vista Lake historical, Buena Vista Aquatic Recreation Area","Buena Vista Lake historical, Buena Vista Aquatic Recreation AreaCA",CA,,,,,,,,,,,,,,,
aech_00145,Butt Valley Lake/Butt Valley Reservoir,Butt Valley Lake/Butt Valley ReservoirCA112151,CA,112151,139,40.115902,-121.144792,,,,,,,,,,,
aech_00146,Calaveras Reservoir,Calaveras ReservoirCA112644,CA,112644,219,37.489583,-121.822917,,,,,,,,,,,
aech_00147,Calero Reservoir,Calero ReservoirCA,CA,,,37.1849386,-121.7804075,,,,,,,,,,,
aech_00148,Casitas Reservoir/Lake Casitas,Casitas Reservoir/Lake CasitasCA113153,CA,113153,626,34.37,-119.3361,,,,,,,,,,,
aech_00149,Clear Lake - REMOVE,Clear Lake - REMOVECA794,CA,794,,,,,,,,,,,,,,
aech_00150,Clear Lake,Clear LakeCA794,CA,794,,39.075520,-122.861607,176.7 km2,non-reservoir,,,,"Tule (Typhus sp. and Sciurpus sp.)| tules (Schoenoplectus
spp.)| hardstem bulrush","bulrush (Scirpus sp.)| Tule (Typhus sp. and Sciurpus sp.)| Along shore: tules (Schoenoplectus
spp.); smartweed (Persicaria spp.); water primrose (Ludwigia peploides); willows (Salix
spp.). In open water:
pondweed (Stuckenia spp.)| bulrush; various pondweeds and submerged aquatic plants",U.S. Forest Service; Bureau of Land Management,,,
aech_00151,Clear Lake -REMOVE,Clear Lake -REMOVECA794,CA,794,,,,177,non-reservoir,,,,,,,,,
aech_00152,Corcoran Irrigation Reservoir,Corcoran Irrigation ReservoirCA,CA,,,36.097996,-119.581173,,,,,,,,,,,
aech_00153,Crowley Lake/Lake Crowley (Long Valley Lake/Lone Valley Lake),Crowley Lake/Lake Crowley (Long Valley Lake/Lone Valley Lake)CA,CA,,,,,,,,,,,,,,,
aech_00154,Crowley Lake/Lake Crowley (Long Valley Lake/Lone Valley Lake),Crowley Lake/Lake Crowley (Long Valley Lake/Lone Valley Lake)CA9275,CA,9275,566,37.6095857,-118.7409880,,,,,,,,,,,
aech_00155,Davis Wetlands,Davis WetlandsCA,CA,,,38.583427,-121.638313,,,,,,,,,,,
aech_00156,Eagle Lake,Eagle LakeCA787,CA,787,,40.652083,-120.727083,,non-reservoir,,,,Tule (Schoenoplectus spp.)| Tule (Typhus sp. and Sciurpus sp.)| bulrush| bulrush (Scirpus sp.)| hard-stemmed bulrush,Tule (Schoenoplectus spp.)| Tule (Typhus sp. and Sciurpus sp.)| bulrush; sago pondweed; bladderwort| bulrush (Scirpus sp.)| hard-stemmed bulrush; common bladderwort; Sago pondweed| hard-stemmed bulrush (Schoenoplectus acutus var. occidentalis); Baltic rush (Juncus balticus),U.S. Forest Service; Bureau of Land Management,,,
aech_00157,East Park Reservoir,East Park ReservoirCA,CA,,,39.3441178,-122.5051640,,,,,,water smartweed,water smartweed,,,,
aech_00158,"Edwards Air Force Base, Piute Ponds","Edwards Air Force Base, Piute PondsCA",CA,,,,,,,,,,,,,,,
aech_00159,Finney-Ramer Waterfowl Area,Finney-Ramer Waterfowl AreaCA,CA,,,33.0573945,-115.4995971,,,,,,,,,,,
aech_00160,"Fresno Slough, Mendota Wildlife Area","Fresno Slough, Mendota Wildlife AreaCA",CA,,,36.700012,-120.313934,,,,,,,,,,,
aech_00161,Funks Reservoir,Funks ReservoirCA,CA,,,39.3098867,-122.2910911,,,,,,,,,,,
aech_00162,Goose Lake,Goose LakeCA780,CA,780,,41.869015,-120.425012,,non-reservoir,,,,hardstem bulrush (Scirpus acutus),flat-stem pondweed (P. zosteriformis),,,,
aech_00163,Grasshopper Valley,Grasshopper ValleyCA,CA,,,40.7824903,-120.6634590,,,,,,,,,,,
aech_00164,Honey Lake,Honey LakeCA789,CA,789,,40.289583,-120.260417,,,,,,,,,,,
aech_00165,Indian Tom Lake,Indian Tom LakeCA,CA,,,41.9917423,-121.8781572,,,,,,,,,,,
aech_00166,Kern National Wildlife Refuge,Kern National Wildlife RefugeCA,CA,,,,,,,,,,,,,,,
aech_00167,Klamath Basin,Klamath BasinCA,CA,,,,,,,,,,,,,,,
aech_00168,"Lago Los Osos, Quarry Lakes Regional Recreation Area","Lago Los Osos, Quarry Lakes Regional Recreation AreaCA",CA,,,37.569301,'-121.9966640,122 ha,,,,,,,East Bay Regional Park District,,,
aech_00169,Lake Almanor,Lake AlmanorCA,CA,,,,,,,,,,Depends on water levels: Willow (Salix spp.); cattails (Typha spp.); pondweed (Potamogeton spp.),Depends on water levels: Willow (Salix spp.); cattail (Typha spp.); pondweed (Potamogeton spp.)| in open water ~70 m from shore with pondweeds (P. nodosus; P. crispus; P. pectinatus),Pacific Gas and Electric Company (PG&E),,,
aech_00170,Lake Berryessa,Lake BerryessaCA9243,CA,9243,185,38.513668,-122.106948,,,,,,,,,,,
aech_00171,Lake Cachuma/Cachuma Reservoir,Lake Cachuma/Cachuma ReservoirCA113119,CA,113119,620,34.585417,-119.979533,,,,,,,,,,,
aech_00172,Lake Davis,Lake DavisCA9200,CA,9200,142,39.885247,-120.477870,,non-reservoir,,,,Willow (Salix spp.) and pondweed (Potamogeton spp.),Willow (Salix spp.); pondweed (Potamogeton spp.),,,,
aech_00173,Lake Earl and Lake Talawa,Lake Earl and Lake TalawaCA,CA,,,41.8281627,-124.1947573,,,,,,,,,,,
aech_00174,Lake Earl,Lake EarlCA,CA,,,41.8274562,'-124.1890326,"4826 acres at high water level, 2191 acres when open to ocean| 4826 acres at high water level, 2191 acres when open to ocean| 4826 acres at high water level, 2191 acres when open to ocean",non-reservoir,,,,hardstem bulrush (Scirpus acutus); Three Square Bulrush (Scirpus americanus),sago pondweed; Wigeon Grass,,,,
aech_00175,"Lake Evans and Lake Webb, Buena Vista Aquatic Recreation Area","Lake Evans and Lake Webb, Buena Vista Aquatic Recreation AreaCA",CA,,,,,,,,,,,,,,,
aech_00176,Lake Hennessey,Lake HennesseyCA,CA,,,,,,,,,,,,,,,
aech_00177,Lake Henshaw,Lake HenshawCA113429,CA,113429,655,33.239908,-116.759717,,,,,,,,,,,
aech_00178,Lake Hodges/Hodges Reservoir,Lake Hodges/Hodges ReservoirCA113498,CA,113498,659,33.046400,-117.126268,,,,,,,,City of San Diego Public Utilities Department| San Diego Water Authority; San Diego Gas and Electric; City of San Diego Public Utilities Department,,,
aech_00179,Lake Isabella,Lake IsabellaCA,CA,,,,,,,,,,,,,,,
aech_00180,Lake Mendocino,Lake MendocinoCA112352,CA,112352,169,39.197467,-123.180998,,,,,,,,,,,
aech_00181,Lake Merced,Lake MercedCA,CA,,,37.7209334,-122.4935964,,,,,,,,,,,
aech_00182,Lake San Antonio,Lake San AntonioCA9337,CA,9337,230,35.8082364,-120.9011529,,,,,,,,,,,
aech_00183,Lake Shastina,Lake ShastinaCA111717,CA,111717,121,41.539004,-122.376042,,,,,,,,,,,
aech_00184,Lake Skinner,Lake SkinnerCA,CA,,,,,,,,,,,,,,,
aech_00185,Lake Success,Lake SuccessCA,CA,,,,,,,,,,,,,,,
aech_00186,Los Banos Creek Reservoir,Los Banos Creek ReservoirCA,CA,,,,,,,,,,,,,,,
aech_00187,Los Banos Reservoir,Los Banos ReservoirCA112742,CA,112742,228,,,,,,,,,,,,,
aech_00188,Loveland Reservoir,Loveland ReservoirCA,CA,,,,,,,,,,,,,,,
aech_00189,"Lower Klamath Lake, Lower Klamath National Wildlife Refuge","Lower Klamath Lake, Lower Klamath National Wildlife RefugeCA",CA,,,,,,,,,,tule,tule,,,,
aech_00190,Lower Klamath National Wildlife Refuge,Lower Klamath National Wildlife RefugeCA,CA,,,,,,reservoir,,,,hardstem bulrush (Scirpus acutus),bulrush; sago pondweed,,,,
aech_00191,Lower Klamath private area,Lower Klamath private areaCA,CA,,,41.994043,-121.879816,,,,,,,,,,,
aech_00192,Lower Otay Reservoir/Lower Otay Lake,Lower Otay Reservoir/Lower Otay LakeCA113591,CA,113591,671,32.614817,-116.927368,,,,,,,,,,,
aech_00193,Modoc National Wildlife Refuge,Modoc National Wildlife RefugeCA,CA,,,,,,,,,,,,,,,
aech_00194,Mono Basin,Mono BasinCA,CA,,,,,,,,,,,,,,,
aech_00195,Mountain Meadows Reservoir (Walker Lake),Mountain Meadows Reservoir (Walker Lake)CA9188,CA,9188,136,40.282206,-121.023036,,,,,,,,,,,
aech_00196,Northern California,Northern CaliforniaCA,CA,,,,,,,,,,,,,,,
aech_00197,"Great Basin (CA, NV, UT, OR, WY)","Great Basin (CA, NV, UT, OR, WY)CA; NV; UT; OR; WY",CA; NV; UT; OR; WY,,,,,,,,,,,,,,,
aech_00198,O'Neill Forebay at San Luis Creek,O'Neill Forebay at San Luis CreekCA112726,CA,112726,225,,,,,,,,,,,,,
aech_00199,O'Neill Forebay,O'Neill ForebayCA112726,CA,112726,225,,,,,,,,,,,,,
aech_00200,"O'Neill Lake, Camp Pendleton","O'Neill Lake, Camp PendletonCA",CA,,,,,,,,,,,,,,,
aech_00201,Klamath Basin,Klamath BasinCA; OR,CA; OR,,,,,,,,,,,,,,,
aech_00202,"Klamath Basin, unspecified location","Klamath Basin, unspecified locationCA; OR",CA; OR,,,,,,,,,,,,,,,
aech_00203,Palmdale Lake,Palmdale LakeCA,CA,,,,,,,,,,,,,,,
aech_00204,Perris Reservoir (Lake Perris),Perris Reservoir (Lake Perris)CA113247,CA,113247,643,33.844532,-117.182292,,,,,,,,,,,
aech_00205,Ramer Lake,Ramer LakeCA,CA,,,33.0774049,-115.5118959,,,,,,,,,,,
aech_00206,Sacramento National Wildlife Refuge,Sacramento National Wildlife RefugeCA,CA,,,,,,,,,,Tule (Typhus sp. and Sciurpus sp.),Tule (Typhus sp. and Sciurpus sp.),,,,
aech_00207,Salton Sea,Salton SeaCA829,CA,829,,,,,,,,,,,,,,
aech_00208,"Salton Sea, Sonny Bono Salton Sea National Wildlife Refuge","Salton Sea, Sonny Bono Salton Sea National Wildlife RefugeCA829",CA,829,,,,,,,,,Tule (Typhus sp. and Sciurpus sp.),Tule (Typhus sp. and Sciurpus sp.),,,,
aech_00209,San Dieguito Reservoir,San Dieguito ReservoirCA,CA,,,33.0394789,-117.1937578,,,,,,,,,,,
aech_00210,San Jacinto Lake (Mystic Lake),San Jacinto Lake (Mystic Lake)CA,CA,,,38.88074,-121.8101975,,,,,,,,,,,
aech_00211,San Joaquin Marsh Wildlife Sanctuary,San Joaquin Marsh Wildlife SanctuaryCA,CA,,,33.662842,-117.842013,,,,,,Cattails (Typha sp.); bulrush (Schoenoplectus sp.),,,,,
aech_00212,San Luis National Wildlife Refuge,San Luis National Wildlife RefugeCA,CA,,,,,,,,,,,,,,,
aech_00213,Shasta Valley WA,Shasta Valley WACA,CA,,,41.686875,-122.478482,,,,,,,,,,,
aech_00214,Skinner Reservoir,Skinner ReservoirCA,CA,,,,,,,,,,,,,,,
aech_00215,South Wilbur Flood Area,South Wilbur Flood AreaCA,CA,,,,,,,,,,,,,,,
aech_00216,"Southern California summary of Cachuma Reservoir, Casitas Reservoir, Skinner Reservoir, Lake Hodges, and Lower Otay","Southern California summary of Cachuma Reservoir, Casitas Reservoir, Skinner Reservoir, Lake Hodges, and Lower OtayCA",CA,,,,,,,,,,,,,,,
aech_00217,Stockton,StocktonCA9273,CA,9273,1006,,,,,,,,,,,,,
aech_00218,Stony Gorge Reservoir,Stony Gorge ReservoirCA112262,CA,112262,146,39.585442,-122.530468,,,,,,,,,,,
aech_00219,Sutter Basin,Sutter BasinCA,CA,,,38.9304522,-121.7132986,,,,,,,,,,,
aech_00220,Sweetwater Reservoir/Sweetwater Lake,Sweetwater Reservoir/Sweetwater LakeCA113576,CA,113576,668,,,,,,,,,,,,,
aech_00221,"The 6 Lakes (Clear, Eagle, Almanor, Thermalito, Davis and Antelope)","The 6 Lakes (Clear, Eagle, Almanor, Thermalito, Davis and Antelope)CA",CA,,,,,,,,,,,,,,,
aech_00222,Thermalito Afterbay,Thermalito AfterbayCA9215,CA,9215,152,39.457142,-121.644792,,,,,,long-leaf pondweed,long-leaf pondweed,California Department of Water Resources (CDWR),,,
aech_00223,Tinemaha Reservoir,Tinemaha ReservoirCA112733,CA,112733,594,37.053543,-118.221648,,,,,,,,,,,
aech_00224,Topaz Lake,Topaz LakeCA,CA,,,38.6808923,-119.5343007,,,,,,,,,,,
aech_00225,Tulare Lake (historic),Tulare Lake (historic)CA,CA,,,36.0666184,-119.7509624,,,,,,,,,,,
aech_00226,Tule Lake National Wildlife Refuge,Tule Lake National Wildlife RefugeCA9165,CA,9165,125,,,,reservoir,,,,hardstem bulrush (Scirpus acutus),bulrush; sago pondweed,,,,
aech_00227,"Tule Lake, Tule Lake National Wildlife Refuge","Tule Lake, Tule Lake National Wildlife RefugeCA9165",CA,9165,125,,,,,,,,Tule (Typhus sp. and Sciurpus sp.),Tule (Typhus sp. and Sciurpus sp.),,,,
aech_00228,Whitewater River Estuary,Whitewater River EstuaryCA,CA,,,33.5083606,-116.0572239,,,,,,,,,,,
aech_00229,Woodward Reservoir,Woodward ReservoirCA112583,CA,112583,205,37.863210,-120.875419,,,,,,,,,,,
aech_00230,Adams Lake,Adams LakeCO,CO,,,37.4006781,-105.8534147,,,,,,,,,,,
aech_00231,Arkansas River Valley and San Luis Valley reservoirs,Arkansas River Valley and San Luis Valley reservoirsCO,CO,,,,,,,,,,,,,,,
aech_00232,Barr Lake,Barr LakeCO112180,CO,112180,950,39.954933,-104.749168,,,,,,,,,,,
aech_00233,"Barr Lake, Main Lake","Barr Lake, Main LakeCO112180",CO,112180,950,,,,,,,,,,,,,
aech_00234,Big Johnson Reservoir,Big Johnson ReservoirCO,CO,,,38.7498723,-104.6943248,,,,,,,,,,,
aech_00235,Boyd Lake,Boyd LakeCO112069,CO,112069,476,40.462942,-105.042343,,,,,,,bulrush; weed stems; algae,,,,
aech_00236,Cheraw Lake,Cheraw LakeCO,CO,,,38.098365,-103.5140572,,,,,,,,,,,
aech_00237,Cowdrey Reservoir/Cowdrey Lake,Cowdrey Reservoir/Cowdrey LakeCO,CO,,,40.837287,-106.3135683,,,,,,,,,,,
aech_00238,Crawford Reservoir,Crawford ReservoirCO112440,CO,112440,537,38.688140,-107.604956,,,,,,,,,,,
aech_00239,Davey Lake,Davey LakeCO,CO,,,37.953263,-106.1257206,,,,,,,,,,,
aech_00240,Eleven Mile Canyon Reservoir,Eleven Mile Canyon ReservoirCO9233,CO,9233,533,38.902254,-105.478234,,,,,,,,,,,
aech_00241,"Flynn Bottoms Pond, Browns Park National Wildlife Refuge","Flynn Bottoms Pond, Browns Park National Wildlife RefugeCO",CO,,,,,,,,,,,,,,,
aech_00242,Fossil Creek Reservoir,Fossil Creek ReservoirCO,CO,,,40.4903162,-105.0080853,,reservoir,,,,tamarisk; cattail,cattail; bulrush,,,,
aech_00243,Fruitgrowers Reservoir,Fruitgrowers ReservoirCO,CO,,,,,,,,,,,,,,,
aech_00244,"Fruitgrowers Reservoir, Harts Basin","Fruitgrowers Reservoir, Harts BasinCO",CO,,,38.8294748,-107.9453659,,,,,,,,,,,
aech_00245,Head Lake,Head LakeCO,CO,,,37.711137,-105.7408901,,,,,,,,,,,
aech_00246,"Hebron Slough, 18 Islands Reservoir, Hebron Waterfowl Area","Hebron Slough, 18 Islands Reservoir, Hebron Waterfowl AreaCO",CO,,,40.56254,-106.35999,,,,,,,,,,,
aech_00247,"Highland Lake, Mead","Highland Lake, MeadCO",CO,,,,,,,,,,,,,,,
aech_00248,Hinman Reservoir,Hinman ReservoirCO,CO,,,40.15023345,-106.4636135,,,,,,,,,,,
aech_00249,Holbrook Reservoir,Holbrook ReservoirCO,CO,,,38.0633425,-103.6101776,,,,,,,,,,,
aech_00250,Horse Creek Reservoir (Timber Lake),Horse Creek Reservoir (Timber Lake)CO112173,CO,112173,949,40.006213,-104.581230,,,,,,,,,,,
aech_00251,Huerfano Lake,Huerfano LakeCO,CO,,,38.1480662,-104.3986258,,,,,,,,,,,
aech_00252,Ireland Reservoir #5,Ireland Reservoir #5CO,CO,,,40.084849,-104.602728,,,,,,,,,,,
aech_00253,Ish Reservoir,Ish ReservoirCO,CO,,,40.253485,-105.081590,,,,,,,,,,,
aech_00254,"Johnson Lake, Saguache County","Johnson Lake, Saguache CountyCO",CO,,,37.937207,-106.1398786,,,,,,,,,,,
aech_00255,Kimmel Lake,Kimmel LakeCO,CO,,,37.9329833,-106.1370819,,,,,,,,,,,
aech_00256,La Jara Reservoir,La Jara ReservoirCO112691,CO,112691,583,37.245224,-106.341351,,,,,,,,,,,
aech_00257,Lake Henry/Henry Lake,Lake Henry/Henry LakeCO,CO,,,38.2641777,-103.7092724,,,,,,,,,,,
aech_00258,Lake John,Lake JohnCO,CO,,,40.7787967,-106.4700294,,,,,,,,,,,
aech_00259,"Lake John, Annex and Main Lake","Lake John, Annex and Main LakeCO",CO,,,,,,,,,,,,,,,
aech_00260,"Lake John, Annex","Lake John, AnnexCO",CO,,,,,,,,,,,,,,,
aech_00261,"Lake John, Main Lake","Lake John, Main LakeCO",CO,,,,,,,,,,,,,,,
aech_00262,Lake Meredith/Lake Meredith Reservoir/Meredith Reservoir,Lake Meredith/Lake Meredith Reservoir/Meredith ReservoirCO9258,CO,9258,995,38.161553,-103.734758,,,,,,,,,,,
aech_00263,Lower Latham Reservoir,Lower Latham ReservoirCO,CO,,,40.3458694,"-104.6389033,",,,,,,,,,,,
aech_00264,MacFarlane Reservoir,MacFarlane ReservoirCO,CO,,,40.54440182,-106.292616,,,,,,,,,,,
aech_00265,Maria Reservoir,Maria ReservoirCO,CO,,,37.6755369,-104.6800978,,,,,,,,,,,
aech_00266,Queens Reservoir/Upper Queens Reservoir and Lower Queens Reservoir/Neeskah Reservoir,Queens Reservoir/Upper Queens Reservoir and Lower Queens Reservoir/Neeskah ReservoirCO112495,CO,112495,988,38.2900452,'-102.6444885,,,,,,,,,,,
aech_00267,"Saguache County, southwest of Russell Lakes State Wildlife Area","Saguache County, southwest of Russell Lakes State Wildlife AreaCO",CO,,,,,,,,,,,bulrush,,,,
aech_00268,San Luis Lake,San Luis LakeCO,CO,,,37.6752168,-105.7244310,,,,,,,,,,,
aech_00269,Smith Reservoir,Smith ReservoirCO,CO,,,37.3927372,-105.5304369,,,,,,,,,,,
aech_00270,"South Delaney Lake, Delaney Butte SWA","South Delaney Lake, Delaney Butte SWACO",CO,,,,,,,,,,,,,,,
aech_00271,"Steamboat Lake State Park, South Side","Steamboat Lake State Park, South SideCO111968",CO,111968,455,,,,,,,,,,,,,
aech_00272,Sullenberger Reservoir/Pagosa Lake/Lake Pagosa/Linn and Clark Reservoir,Sullenberger Reservoir/Pagosa Lake/Lake Pagosa/Linn and Clark ReservoirCO,CO,,,37.279532,-107.0824998,,,,,,,,,,,
aech_00273,Sweitzer Lake,Sweitzer LakeCO,CO,,,,,,,,,,,,,,,
aech_00274,Terry Lake,Terry LakeCO112034,CO,112034,465,40.623918,-105.083955,,reservoir,,,,cottontail; willow,bulrush,,,,
aech_00275,Timnath Reservoir,Timnath ReservoirCO112052,CO,112052,932,40.541360,-104.959093,,reservoir,,,,cottontail; willow,cattail| Kochia; cockleburs; bulrush; weed stems; algae,,,,
aech_00276,"Trites Lake, Russell Lakes SWA","Trites Lake, Russell Lakes SWACO9410",CO,9410,,,,,,,,,cattails; tules,,,,,
aech_00277,Union Reservoir (Calkins Lake),Union Reservoir (Calkins Lake)CO,CO,,,40.1822163,-105.0390504,,,,,,,,,,,
aech_00278,Vega Lake/Vega Reservoir/Vega State Park,Vega Lake/Vega Reservoir/Vega State ParkCO,CO,,,,,,,,,,,,,,,
aech_00279,Walden Reservoir,Walden ReservoirCO,CO,,,40.732853,-106.299876,,,,,,,,,,,
aech_00280,Alexander Reservoir (Soda Springs Reservoir/Soda Point Reservoir),Alexander Reservoir (Soda Springs Reservoir/Soda Point Reservoir)ID111234,ID,111234,414,42.644502,-111.694731,,,,,,,,,,,
aech_00281,American Falls Reservoir,American Falls ReservoirID775,ID,775,411,42.779062,-112.873708,,,,,,,,,,,
aech_00282,"American Falls Reservoir, Snake River","American Falls Reservoir, Snake RiverID775",ID,775,411,,,,,,,,,,,,,
aech_00283,Bear Lake,Bear LakeID778,ID,778,,,,,,,,,,,,,,
aech_00284,Bear Lake National Wildlife Refuge,Bear Lake National Wildlife RefugeID778,ID,778,,,,,,,,,,,,,,
aech_00285,Blackfoot Reservoir/Blackfoot River Reservoir,Blackfoot Reservoir/Blackfoot River ReservoirID9088,ID,9088,402,43.006451,-111.713537,18000 acre,reservoir,1910,,,,,,,,
aech_00286,"Burley, Snake River","Burley, Snake RiverID",ID,,,42.549545,-113.804155,,,,,,,,,,,
aech_00287,C.J. Strike Reservoir,C.J. Strike ReservoirID9093,ID,9093,405,42.947917,-115.972917,,reservoir,,,,,,,,,
aech_00288,Camas National Wildlife Refuge,Camas National Wildlife RefugeID,ID,,,,,,,,,,,,,,,
aech_00289,Cascade Reservoir/Lake Cascade and Lake Pend Oreille,Cascade Reservoir/Lake Cascade and Lake Pend OreilleID8978,ID,8978,370,,,,,,,,,,,,,
aech_00290,Cascade Reservoir/Lake Cascade,Cascade Reservoir/Lake CascadeID8978,ID,8978,370,44.523064,-116.053057,,reservoir,1948,,,,,Bureau of Reclamation,,,
aech_00291,"Cave Lake (Care Lake), Coeur d'Alene WMA","Cave Lake (Care Lake), Coeur d'Alene WMAID",ID,,,47.4663271,-116.6077497,,,,,,,,U.S. Army Corps of Engineers,,,
aech_00292,Chesterfield Reservoir (Portneuf Reservoir),Chesterfield Reservoir (Portneuf Reservoir)ID,ID,,,42.8975845,-111.9673108,,,,,,,,,,,
aech_00293,Coeur D'Alene Lake,Coeur D'Alene LakeID729,ID,729,315,,,,,,,,,,,,,
aech_00294,Downey Sewage Ponds,Downey Sewage PondsID,ID,,,,,,,,,,,,,,,
aech_00295,Downey Slough,Downey SloughID,ID,,,,,,,,,,,,,,,
aech_00296,"Glenns Ferry, Snake River","Glenns Ferry, Snake RiverID",ID,,,42.948146,-115.288154,,,,,,,,,,,
aech_00297,Grasmere Reservoir,Grasmere ReservoirID,ID,,,42.359951,-115.9065588,,,,,,,,,,,
aech_00298,Hawkins Reservoir,Hawkins ReservoirID,ID,,,42.5116047,-112.3358117,,,,,,,,,,,
aech_00299,"Hells Canyon Study Area, Snake River","Hells Canyon Study Area, Snake RiverID",ID,,,44.243116,-116.979124,,,,,,"common cattail (Typha
latifolia); narrowleaf cattail (Typha angustifolia); American bulrush (Scirpus americanus); common spikerush (Eleocharis palustris)",,,,,
aech_00300,Henrys Lake,Henrys LakeID,ID,,,44.6145818,-111.4178343,,,,,,,,,,,
aech_00301,Island Park Reservoir,Island Park ReservoirID8991,ID,8991,374,44.420051,-111.394991,,,,,,,,,,,
aech_00302,"Lake Lowell, Deer Flat National Wildlife Refuge","Lake Lowell, Deer Flat National Wildlife RefugeID9056",ID,9056,389,,,10000 acres,reservoir,1909,partial,,smartweed,smartweed,Bureau of Reclamation,,,
aech_00303,"Lake Pend Oreille, Pend Oreille Lake","Lake Pend Oreille, Pend Oreille LakeID719",ID,719,305,48.158273,-116.440182,,,,,,,,U.S. Army Corps of Engineers,,,
aech_00304,"Lake Walcott and Snake River, Minidoka National Wildlife Refuge","Lake Walcott and Snake River, Minidoka National Wildlife RefugeID9105",ID,9105,413,,,,,,,,,,,,,
aech_00305,"Lake Walcott, Minidoka National Wildlife Refuge","Lake Walcott, Minidoka National Wildlife RefugeID9105",ID,9105,413,,,,,,,,,,,,,
aech_00306,Market Lake WMA,Market Lake WMAID,ID,,,43.7738707,-112.1336582,,non-reservoir,,,,,,,,,
aech_00307,Mesa Marsh,Mesa MarshID,ID,,,44.18305,-111.303051,,,,,,,,,,,
aech_00308,Mormon Reservoir (Twin Lakes Reservoir),Mormon Reservoir (Twin Lakes Reservoir)ID,ID,,,43.2503755,-114.8303656,,,,,,,,,,,
aech_00309,"Mountain View Reservoir/Mountain View Lake, Duck Valley Indian Reservation","Mountain View Reservoir/Mountain View Lake, Duck Valley Indian ReservationID",ID,,,42.0448863,-116.1605508,,,,,,,,,,,
aech_00310,Mud Lake,Mud LakeID,ID,,,,,,,,,,,,,,,
aech_00311,Mud Lake WMA,Mud Lake WMAID,ID,,,43.8871365,-112.3995808,,non-reservoir,,,,,,,,,
aech_00312,Palisades Reservoir,Palisades ReservoirID9073,ID,9073,396,43.330514,-111.202028,,,,,,,,,,,
aech_00313,Robert's Borrow Pit,Robert's Borrow PitID,ID,,,,,,,,,,,,,,,
aech_00314,Rupert,RupertID,ID,,,42.579375,-113.627464,,,,,,,,,,,
aech_00315,"Silver Lake, Harriman State Park","Silver Lake, Harriman State ParkID",ID,,,44.3295249,-111.4703635,,,,,,,,,,,
aech_00316,"Slick Bridge and Three-Island Crossing State Park and Hamet, Snake River","Slick Bridge and Three-Island Crossing State Park and Hamet, Snake RiverID",ID,,,42.953855,-115.349222,,,,,,,,,,,
aech_00317,Snake River from Homedale (or Weiser) to American Falls Reservoir,Snake River from Homedale (or Weiser) to American Falls ReservoirID,ID,,,43.618403,-116.921412,,,,,,,,,,,
aech_00318,"Snake River Sector, Deer Flat National Wildlife Refuge","Snake River Sector, Deer Flat National Wildlife RefugeID",ID,,,,,,,,,,,,,,,
aech_00319,Southern Idaho,Southern IdahoID,ID,,,,,,,,,,,,,,,
aech_00320,Swan Lake,Swan LakeID,ID,,,42.294401,-111.9919256,,non-reservoir,,,,bulrush; cattail,N/A,,,,
aech_00321,Twin Lakes Reservoir,Twin Lakes ReservoirID,ID,,,42.1875399,-111.9711055,,,,,,,,,,,
aech_00322,Wilson Lake Reservoir,Wilson Lake ReservoirID,ID,,,42.6149444,-114.1452404,,,,,,,,,,,
aech_00323,Dog Lake IBA,Dog Lake IBAMB,MB,,,51.043826,-98.528870,,,,,,,,,,,
aech_00324,Ebb and Flow Lake,Ebb and Flow LakeMB,MB,,,51.070556,-98.953333,,,,,,,,,,,
aech_00325,"Fernie, unnamed lake nearby","Fernie, unnamed lake nearbyMB",MB,,,,,,,,,,,,,,,
aech_00326,Inland Lake,Inland LakeMB,MB,,,52.278611,-99.688056,,,,,,,,,,,
aech_00327,Lake Manitoba,Lake ManitobaMB53,MB,53,,51.587865,-98.728778,,,,,,,,,,,
aech_00328,"Lake Manitoba, Delta Marsh","Lake Manitoba, Delta MarshMB53",MB,53,,50.193074,-98.199862,11000 ha| 15000 ha,reservoir,1961,partial,by permit to researchers,Cattail (Typha x glauca),bulrush (Schoenoplectus spp.)| bulrush; phragmites,,,,
aech_00329,"Lake Manitoba, Delta Marsh, East Marsh","Lake Manitoba, Delta Marsh, East MarshMB53",MB,53,,50.193074,-98.199862,,,,,,Typha; bulrush; Scirpus; Schoenoplectus,,,,,
aech_00330,"Lake Manitoba, Lagruth Area","Lake Manitoba, Lagruth AreaMB",MB,,,,,,,,,,,,,,,
aech_00331,"Lake Manitoba, Marshy Point","Lake Manitoba, Marshy PointMB53",MB,53,,50.55502,-98.12152,,,,,,,,,,,
aech_00332,"Lake Manitoba, Sandy Bay Marshes","Lake Manitoba, Sandy Bay MarshesMB53",MB,53,,50.550622,-98.6141203,,,,,,,,,,,
aech_00333,"Lake Manitoba, Twin Lakes Beach, Lake Francis","Lake Manitoba, Twin Lakes Beach, Lake FrancisMB53",MB,53,,,,,,,,,,,,,,
aech_00334,Lake Winnipeg,Lake WinnipegMB4,MB,4,709,53.696359,-97.863542,,,,,,,,,,,
aech_00335,"Lake Winnipeg, Camp Morton Provincial Park","Lake Winnipeg, Camp Morton Provincial ParkMB4",MB,4,709,50.71,-96.990278,,,,,,,,,,,
aech_00336,"Lake Winnipeg, Gimli Marsh","Lake Winnipeg, Gimli MarshMB4",MB,4,709,,,,,,,,,,,,,
aech_00337,"Lake Winnipeg, Gimli Marshes","Lake Winnipeg, Gimli MarshesMB4",MB,4,709,50.643230,-96.976810,,,,,,,,,,,
aech_00338,"Lake Winnipeg, Hecla Island Causeway","Lake Winnipeg, Hecla Island CausewayMB4",MB,4,709,,,,,,,,,,,,,
aech_00339,"Lake Winnipeg, Hecla Island","Lake Winnipeg, Hecla IslandMB4",MB,4,709,51.114960,-96.710996,,,,,,,,,,,
aech_00340,"Lake Winnipeg, Netley Marsh","Lake Winnipeg, Netley MarshMB4",MB,4,709,,,,,,,,,,,,,
aech_00341,"Lake Winnipeg, Netley-Libau Marsh IBA","Lake Winnipeg, Netley-Libau Marsh IBAMB4",MB,4,709,50.358810,-96.848389,,,,,,,,,,,
aech_00342,"Lake Winnipeg, Willow Point","Lake Winnipeg, Willow PointMB4",MB,4,709,50.598180,-96.944439,,,,,,,,,,,
aech_00343,Lake Winnipegosis,Lake WinnipegosisMB52,MB,52,,51.885752,-99.653845,,,,,,,cattail (Typha spp.); bulrush (Schoenoplectus spp.); phragmites,,,,
aech_00344,"Lake Winnipegosis, Bachelor Island","Lake Winnipegosis, Bachelor IslandMB52",MB,52,,51.747162,-99.905137,,,,,,,,,,,
aech_00345,"Lake Winnipegosis, between Fuller and R. Gazon Bays","Lake Winnipegosis, between Fuller and R. Gazon BaysMB52",MB,52,,52.483333,-99.983333,,,,,,,,,,,
aech_00346,"Lake Winnipegosis, Long Island and Long Island Bay IBA, (also called Waterhen)","Lake Winnipegosis, Long Island and Long Island Bay IBA, (also called Waterhen)MB52 or 632",MB,52 or 632,,,,,,,,,,,,,,
aech_00347,"Lake Winnipegosis, Long Island Bay","Lake Winnipegosis, Long Island BayMB52",MB,52,,,,,,,,,,,,,,
aech_00348,"Lake Winnipegosis, Marsh NW of Duck Bay","Lake Winnipegosis, Marsh NW of Duck BayMB52",MB,52,,52.224049,-100.200661,,,,,,,,,,,
aech_00349,"Lake Winnipegosis, Meadow Portage town (near)","Lake Winnipegosis, Meadow Portage town (near)MB52",MB,52,,,,,,,,,,,,,,
aech_00350,"Lake Winnipegosis, NW of Channel Islands","Lake Winnipegosis, NW of Channel IslandsMB52",MB,52,,53.064100,-100.493083,,,,,,,,,,,
aech_00351,"Lake Winnipegosis, Red Deer River","Lake Winnipegosis, Red Deer RiverMB52",MB,52,,52.890448,-101.007298,,,,,,,,,,,
aech_00352,"Lake Winnipegosis, Waterhen River","Lake Winnipegosis, Waterhen RiverMB52 or 632",MB,52 or 632,,,,,,,,,,,,,,
aech_00353,Manitoba,ManitobaMB,MB,,,,,,,,,,,,,,,
aech_00354,"MB BBA 2010, ID120432 & 120436","MB BBA 2010, ID120432 & 120436MB",MB,,,,,,,,,,,,,,,
aech_00355,Oak Hammock Marsh,Oak Hammock MarshMB,MB,,,50.187501,-97.124954,,,,,,,,,,,
aech_00356,Oak Lake/Plum Lake,Oak Lake/Plum LakeMB,MB,,,49.649916,-100.739343,,,,,,,,,,,
aech_00357,Pelican Lake/Ninette Lake,Pelican Lake/Ninette LakeMB,MB,,,49.335833,-99.563611,52.8 km2,,,,,,Scirpus,,,,
aech_00358,"Shoal Lake, West","Shoal Lake, WestMB",MB,,,,,,,,,,,Scirpus,,,,
aech_00359,"Shoal Lakes IBA, North, West, and East","Shoal Lakes IBA, North, West, and EastMB",MB,,,,,,,,,,,,,,,
aech_00360,Shoal Lakes,Shoal LakesMB,MB,,,,,,,,,,,,,,,
aech_00361,Skylake,SkylakeMB,MB,,,50.775449,-97.354894,,,,,,,,,,,
aech_00362,Swan Lake,Swan LakeMB618,MB,618,,52.642265,-100.749145,,,,,,,,,,,
aech_00363,Whitewater Lake,Whitewater LakeMB,MB,,,49.246028,-100.309628,,,,,,,Schoenoplectus; Typha,,,,
aech_00364,Agassiz National Wildlife Refuge,Agassiz National Wildlife RefugeMN8346,MN,8346,734,,,,,,,,,cattail,,,,
aech_00365,Bear Lake,Bear LakeMN,MN,,,43.5468848,-93.5004019,,,,,,,,,,,
aech_00366,Big Stone National Wildlife Refuge,Big Stone National Wildlife RefugeMN8852,MN,8852,851,,,,,,,,,,,,,
aech_00367,Geneva Lake,Geneva LakeMN,MN,,,43.7912242,-93.2735963,,,,,,,,,,,
aech_00368,Gorder Lake (Frog Lake),Gorder Lake (Frog Lake)MN,MN,,,45.5173977,-96.0207058,,,,,,,,,,,
aech_00369,Heron Lake,Heron LakeMN110789,MN,110789,888,43.786924,-95.280452,6400 acres,,,,,,,,,,
aech_00370,Lake Charlotte (Olson Lake),Lake Charlotte (Olson Lake)MN,MN,,,45.6203415,-95.7725355,,,,,,,,,,,
aech_00371,Lake Christina/Christina Lake,Lake Christina/Christina LakeMN,MN,,,46.0833333333,-95.7333333333,1600 ha,,,,,hardstem bulrush (Scirpus acutus),Hardstem Bulrush (Schoenoplectus acutus Muhl.),,,,
aech_00372,Lake Edward/Edward Lake,Lake Edward/Edward LakeMN,MN,,,46.5097236,-94.1603073,,,,,,,,,,,
aech_00373,Lake Osakis,Lake OsakisMN,MN,,,45.9030259,-95.1171196,,,,,,,,,,,
aech_00374,Lake Reno,Lake RenoMN,MN,,,45.7398453,-95.4211409,,,,,,,,,,,
aech_00375,Lake Traverse,Lake TraverseMN,MN,,,45.7041583,-96.7314147,,,,,,,,,,,
aech_00376,Long Lake,Long LakeMN,MN,,,45.2031457,-95.0348580,,,,,,,,,,,
aech_00377,Maple Lake,Maple LakeMN,MN,,,45.9076648,-95.0025452,,,,,,,,,,,
aech_00378,Marsh Lake,Marsh LakeMN8878,MN,8878,858,45.198694,-96.158612,,,,,,,,,,,
aech_00379,Minnesota Lake,Minnesota LakeMN,MN,,,43.8376209,-93.8608275,,,,,,,,,,,
aech_00380,Orwell Reservoir,Orwell ReservoirMN,MN,,,46.2182151,-96.1764553,,,,,,,,,,,
aech_00381,"Pelican Lake, Grant County","Pelican Lake, Grant CountyMN",MN,,,46.0576848,-95.8023079,,,,,,,,,,,
aech_00382,"Pelican Lake, Wright County","Pelican Lake, Wright CountyMN",MN,,,45.2292743,-93.7614207,,,,,,,,,,,
aech_00383,Schilling Lake,Schilling LakeMN,MN,,,44.6967932,-94.2138563,,,,,,,,,,,
aech_00384,South Rothwell Lake/Cup Lake/Unnamed Lake,South Rothwell Lake/Cup Lake/Unnamed LakeMN,MN,,,,,,,,,,,,,,,
aech_00385,"Stump Lake or Lake Sagatagan, St. John's University","Stump Lake or Lake Sagatagan, St. John's UniversityMN",MN,,,45.5785994,-94.4000888,,,,,,,,,,,
aech_00386,Sunburg Lake,Sunburg LakeMN,MN,,,45.3280917,-95.2466414,,,,,,,cattail,,,,
aech_00387,Swan Lake,Swan LakeMN,MN,,,44.3088705,-94.2620015,,,,,,,,,,,
aech_00388,Thief Lake,Thief LakeMN,MN,,,48.4904305,-95.8910939,,,,,,,,,,,
aech_00389,Thielke Lake/Bentsen Lake,Thielke Lake/Bentsen LakeMN,MN,,,45.3915202,-96.4017725,,,,,,,,,,,
aech_00390,Unnamed lake in Mosquito Ranch Waterfowl Production Area and/or Robin Hood Waterfowl Production Area,Unnamed lake in Mosquito Ranch Waterfowl Production Area and/or Robin Hood Waterfowl Production AreaMN,MN,,,45.625985,-96.73618,,,,,,,,,,,
aech_00391,Browns Lake,Browns LakeMT,MT,,,46.95834,-113.01039,,,,,,,,,,,
aech_00392,Canyon Ferry Reservoir,Canyon Ferry ReservoirMT743,MT,743,,,,,,,,,,,,,,
aech_00393,Fortine (unnamed private lake(s) in vicinity),Fortine (unnamed private lake(s) in vicinity)MT,MT,,,48.765596,-114.903525,,,,,,,,,,,
aech_00394,Freezout Lake WMA,Freezout Lake WMAMT,MT,,,,,,,,,,,bulrush; cattail,,,,
aech_00395,"Freezout Lake WMA, Main","Freezout Lake WMA, MainMT",MT,,,47.66506,-112.05561,,,,,,,,,,,
aech_00396,"Freezout Lake WMA, Pond 5","Freezout Lake WMA, Pond 5MT",MT,,,,,,,,,,,,,,,
aech_00397,Kleinschmidt Lake Waterfowl Production Area,Kleinschmidt Lake Waterfowl Production AreaMT,MT,,,,,,,,,,,,,,,
aech_00398,"Lake Bowdoin, Drumbo Unit","Lake Bowdoin, Drumbo UnitMT",MT,,,48.40167,-107.66807,,,,,,,,,,,
aech_00399,Medicine Lake National Wildlife Refuge,Medicine Lake National Wildlife RefugeMT,MT,,,,,,,,,,,,,,,
aech_00400,Ninepipe Reservoir,Ninepipe ReservoirMT105494,MT,105494,324,47.440789,-114.130767,,,,,,,,,,,
aech_00401,Wild Horse Reservoir,Wild Horse ReservoirMT,MT,,,48.133204,-108.190878,,,,,,,,,,,
aech_00402,"11th St. SE, NE Stutsman","11th St. SE, NE StutsmanND",ND,,,,,,,,,,,,,,,
aech_00403,"66th St. NE, south of Cando, Towner","66th St. NE, south of Cando, TownerND",ND,,,,,,,,,,,,,,,
aech_00404,"81st Ave NE, sw of Warwick, Eddy","81st Ave NE, sw of Warwick, EddyND",ND,,,,,,,,,,,,,,,
aech_00405,"97th Ave. SE, SW Griggs","97th Ave. SE, SW GriggsND",ND,,,,,,,,,,,,,,,
aech_00406,"Agassiz Lake Plain region, Township T115N, R52W","Agassiz Lake Plain region, Township T115N, R52WND",ND,,,,,,,,,,wild rice,wild rice,,,,
aech_00407,Alkali Lake,Alkali LakeND,ND,,,46.7723127,-99.841228,,,,,,,,,,,
aech_00408,Alkaline Lake (Lake Arthur),Alkaline Lake (Lake Arthur)ND,ND,,,46.65672,-99.56475,,,,,,wild rice,wild rice,,,,
aech_00409,Antelope Lakes,Antelope LakesND,ND,,,47.9692496,-100.1159739,,,,,,,,,,,
aech_00410,Arrowwood National Wildlife Refuge,Arrowwood National Wildlife RefugeND,ND,,,,,,,,,,wild rice,wild rice,,,,
aech_00411,Barnes Lake,Barnes LakeND,ND,,,47.23369,-99.2769704,,,,,,,,,,,
aech_00412,Baumgartner Lake,Baumgartner LakeND,ND,,,46.1650348,-100.2017182,,,,,,,,,,,
aech_00413,"Beaver Lake, Burke County","Beaver Lake, Burke CountyND",ND,,,48.8642045,-102.6401702,,,,,,,,,,,
aech_00414,"Beaver Lake, Logan County","Beaver Lake, Logan CountyND",ND,,,46.3959812,-99.6066417,,,,,,,,,,,
aech_00415,Big Meadow Waterfowl Production Area,Big Meadow Waterfowl Production AreaND,ND,,,,,,,,,,,,,,,
aech_00416,"Binford and Griggs County, west of county line","Binford and Griggs County, west of county lineND",ND,,,47.508568,-98.364268,,,,,,,,,,,
aech_00417,"Borg Lake, Lake Fedge","Borg Lake, Lake FedgeND",ND,,,,,,,,,,,,,,,
aech_00418,Bounty Lake,Bounty LakeND,ND,,,48.906515,-103.161121,,,,,,,,,,,
aech_00419,Bowman-Haley Dam,Bowman-Haley DamND108146,ND,108146,827,,,,,,,,,,,,,
aech_00420,Buffalo Lodge Lake,Buffalo Lodge LakeND,ND,,,48.3275416,-100.7566163,,,,,,,,,,,
aech_00421,Camp Lake,Camp LakeND,ND,,,45.947,-99.151,,,,,,,,,,,
aech_00422,Carpenter Lake,Carpenter LakeND,ND,,,48.9609309,-99.9768947,,,,,,wild rice,wild rice,,,,
aech_00423,Chase Lake,Chase LakeND,ND,,,,,,,,,,,,,,,
aech_00424,Chicago Lake,Chicago LakeND,ND,,,47.0701132,-99.4417178,,,,,,,,,,,
aech_00425,Clear Lake,Clear LakeND,ND,,,46.9255163,-100.1853620,,,,,,,,,,,
aech_00426,Coal Mine Lake,Coal Mine LakeND,ND,,,47.6841777,-100.1673959,,,,,,,,,,,
aech_00427,"Cogswell, north of","Cogswell, north ofND",ND,,,46.131951,-97.791739,,,,,,,,,,,
aech_00428,Crosby Lake,Crosby LakeND,ND,,,48.883499,-103.306670,,,,,,,,,,,
aech_00429,Demicks Lake,Demicks LakeND,ND,,,47.886705,-103.0222432,,,,,,,,,,,
aech_00430,Des Lacs National Wildlife Refuge,Des Lacs National Wildlife RefugeND,ND,,,,,,,,,,wild rice,wild rice,,,,
aech_00431,Des Moines Lake,Des Moines LakeND,ND,,,47.133144,-99.6448897,,,,,,,,,,,
aech_00432,Devils Lake,Devils LakeND723,ND,723,,48.0462688,-98.9976006,,,,,,wild rice,wild rice,,,,
aech_00433,Devils Lake region,Devils Lake regionND273,ND,273,,,,,,,,,wild rice,wild rice,,,,
aech_00434,"Devils Lake, Sweetwater Lake, Dry Lake, Lake Alice","Devils Lake, Sweetwater Lake, Dry Lake, Lake AliceND",ND,,,48.2802569,-98.9729130,,,,,,wild rice,wild rice,,,,
aech_00435,Dewald Slough,Dewald SloughND,ND,,,46.835171,-99.713922,,,,,,,,,,,
aech_00436,Diamond Lake,Diamond LakeND,ND,,,46.38462,-98.957914,,,,,,,,,,,
aech_00437,"Dry Lake, McIntosh County","Dry Lake, McIntosh CountyND",ND,,,46.087429,-99.426322,,,,,,,,,,,
aech_00438,"Dry Lake, Ramsey County","Dry Lake, Ramsey CountyND",ND,,,48.2802569,-98.9729130,,,,,,wild rice,wild rice,,,,
aech_00439,Englevale Slough,Englevale SloughND,ND,,,46.2721877,-97.9067666,,,,,,,,,,,
aech_00440,Evanenko Waterfowl Production Area,Evanenko Waterfowl Production AreaND,ND,,,,,,,,,,,,,,,
aech_00441,Fisher Lake,Fisher LakeND,ND,,,47.0275177,-99.4691593,,,,,,,,,,,
aech_00442,Girard Lake,Girard LakeND,ND,,,48.0721372,-99.9999759,,,,,,,,,,,
aech_00443,"Goose Lake, Emmons County","Goose Lake, Emmons CountyND",ND,,,46.5489612,-100.0060614,,,,,,,,,,,
aech_00444,"Goose Lake, Wells County","Goose Lake, Wells CountyND",ND,,,47.796096,-99.4700978,,,,,,,,,,,
aech_00445,Grass Lake,Grass LakeND,ND,,,48.5257589,-99.6640829,,,,,,,,,,,
aech_00446,"Harriet Lake, Lake Harriet (Arena Lake)","Harriet Lake, Lake Harriet (Arena Lake)ND",ND,,,,,,,,,,,,,,,
aech_00447,"Hillsdale Twp, northeast","Hillsdale Twp, northeastND",ND,,,,,,,,,,,,,,,
aech_00448,Hobart Lake,Hobart LakeND,ND,,,46.922189,-98.1337743,,,,,,,,,,,
aech_00449,Horsehead Lake,Horsehead LakeND,ND,,,47.0583333333,-99.8,,,,,,,,,,,
aech_00450,Horseshoe Lake,Horseshoe LakeND,ND,,,,,,,,,,,,,,,
aech_00451,Hurricane Lake,Hurricane LakeND,ND,,,48.424257,-99.5039873,,,,,,,,,,,
aech_00452,Hyatt Slough,Hyatt SloughND,ND,,,45.957586,-98.137939,,,,,,,,,,,
aech_00453,Island Lake,Island LakeND,ND,,,48.574288,-99.6912206,,,,,,,,,,,
aech_00454,"J. Clark Salyer Reservoir, J. Clark Salyer National Wildlife Refuge","J. Clark Salyer Reservoir, J. Clark Salyer National Wildlife RefugeND8282",ND,8282,730,,,,,,,,wild rice,wild rice,,,,
aech_00455,Johnson Lake Waterfowl Production Area,Johnson Lake Waterfowl Production AreaND,ND,,,,,,,,,,,,,,,
aech_00456,Juanita Lake,Juanita LakeND,ND,,,47.5536052,-98.7355769,,,,,,,,,,,
aech_00457,"Kilgore Lake, west","Kilgore Lake, westND",ND,,,48.1642258,-100.1423703,,,,,,,,,,,
aech_00458,Kraft Slough (Kraft Lake),Kraft Slough (Kraft Lake)ND,ND,,,,,,,,,,,,,,,
aech_00459,Kunkel Lake,Kunkel LakeND,ND,,,47.0413614,-99.6392261,,,,,,,,,,,
aech_00460,Lake Alice National Wildlife Refuge,Lake Alice National Wildlife RefugeND8358,ND,8358,735,,,,,,,,,,,,,
aech_00461,Lake Ardoch,Lake ArdochND,ND,,,48.2415323,-97.3139386,,,,,,,,,,,
aech_00462,Lake Bertha,Lake BerthaND,ND,,,46.7599007,-97.5040293,,,,,,,,,,,
aech_00463,Lake Brekken-Holmes,Lake Brekken-HolmesND,ND,,,47.53865,-100.886292,,,,,,,,,,,
aech_00464,Lake Coe (Coe Lake),Lake Coe (Coe Lake)ND,ND,,,,,,,,,,,,,,,
aech_00465,Lake Darling,Lake DarlingND8313,ND,8313,732,,,,,,,,,,,,,
aech_00466,Lake Etta,Lake EttaND,ND,,,46.8269776,-99.7751937,,,,,,,,,,,
aech_00467,Lake Fedge and Tewaukon National Wildlife Refuge,Lake Fedge and Tewaukon National Wildlife RefugeND,ND,,,,,,,,,,wild rice,wild rice,,,,
aech_00468,Lake Ilo,Lake IloND,ND,,,47.3432072,-102.6684020,,,,,,,,,,,
aech_00469,Lake Irvine,Lake IrvineND,ND,,,48.2934022,-99.150223,,,,,,,,,,,
aech_00470,Lake Isabel,Lake IsabelND,ND,,,46.8188452,-99.7499433,,,,,,,,,,,
aech_00471,Lake Laretta,Lake LarettaND,ND,,,48.0684669,-98.1704931,,,,,,,,,,,
aech_00472,Lake Louise,Lake LouiseND,ND,,,47.0505741,-99.4519011,,,,,,,,,,,
aech_00473,Lake Nettie National Wildlife Refuge,Lake Nettie National Wildlife RefugeND,ND,,,,,,,,,,,,,,,
aech_00474,Long Lake National Wildlife Refuge,Long Lake National Wildlife RefugeND,ND,,,,,,,,,,,,,,,
aech_00475,Long Lake,Long LakeND,ND,,,48.646432,-99.725096,,,,,,,,,,,
aech_00476,Lords Lake,Lords LakeND,ND,,,48.776668,-100.2120800,,,,,,,,,,,
aech_00477,Lostwood area,Lostwood areaND,ND,,,48.475969,-102.412523,,,,,,wild rice,wild rice,,,,
aech_00478,Makoti Lake,Makoti LakeND,ND,,,47.875939,-101.805766,,,,,,,,,,,
aech_00479,McHenry Lake,McHenry LakeND,ND,,,47.564524,-98.586254,,,,,,,,,,,
aech_00480,"McHenry, south of","McHenry, south ofND",ND,,,47.564524,-98.586254,,,,,,,,,,,
aech_00481,McHugh Slough,McHugh SloughND,ND,,,48.0977777778,-98.2480555556,,,,,,,,,,,
aech_00482,McKenna Lake,McKenna LakeND,ND,,,46.4996933,-99.8052523,,,,,,,,,,,
aech_00483,McKenzie Slough,McKenzie SloughND,ND,,,46.8159497,-100.4228709,,,,,,,,,,,
aech_00484,Meadow Lake,Meadow LakeND,ND,,,46.752365,-98.340612,,,,,,,,,,,
aech_00485,Medicine Lake,Medicine LakeND,ND,,,47.6934854,-98.7445603,,,,,,,,,,,
aech_00486,"Missouri Slope, Township T135N, R84W","Missouri Slope, Township T135N, R84WND",ND,,,46.865299,-100.798282,,,,,,wild rice,wild rice,,,,
aech_00487,Mud Lake and Pearl Lake,Mud Lake and Pearl LakeND,ND,,,47.0323293,-99.3561710,,,,,,,,,,,
aech_00488,Mud Lake,Mud LakeND,ND,,,48.2268964,-99.5693534,,,,,,,,,,,
aech_00489,Patterson Lake,Patterson LakeND106629,ND,106629,784,46.8588395,-102.8555655,,,,,,,,,,,
aech_00490,Pearl Lake,Pearl LakeND,ND,,,,,,,,,,,,,,,
aech_00491,Powers Lake,Powers LakeND,ND,,,48.5514806,-102.6404647,,,,,,,,,,,
aech_00492,Rath Waterfowl Production Area,Rath Waterfowl Production AreaND,ND,,,,,,,,,,,,,,,
aech_00493,Rice Lake,Rice LakeND,ND,,,46.0389889,-100.0804812,,,,,,,,,,,
aech_00494,Rock Lake,Rock LakeND,ND,,,48.8229886,-99.2113371,,,,,,,,,,,
aech_00495,"Round Lake, McHenry County","Round Lake, McHenry CountyND",ND,,,48.0319265,-100.2766560,,,,,,,,,,,
aech_00496,"Round Lake, Pierce County","Round Lake, Pierce CountyND",ND,,,48.4795689,-100.1965662,,,,,,,,,,,
aech_00497,"Rubin Twp, central","Rubin Twp, centralND",ND,,,48.059841,-98.180238,,,,,,,,,,,
aech_00498,Rush Lake,Rush LakeND,ND,,,48.3817835,-100.2199188,,,,,,,,,,,
aech_00499,Salt Lake,Salt LakeND,ND,,,47.3200824,-100.274365,,,,,,,,,,,
aech_00500,Sanborn Waterfowl Production Area,Sanborn Waterfowl Production AreaND,ND,,,46.936802,-98.202306,,,,,,,,,,,
aech_00501,School Lake,School LakeND,ND,,,46.7769615,-99.2484558,,,,,,,,,,,
aech_00502,"Sealey Twp, central","Sealey Twp, centralND",ND,,,46.577398,-99.852879,,,,,,,,,,,
aech_00503,Slade National Wildlife Refuge,Slade National Wildlife RefugeND,ND,,,,,,,,,,,,,,,
aech_00504,South Lake,South LakeND,ND,,,47.1019021,-99.6098340,,,,,,,,,,,
aech_00505,Spring Lake,Spring LakeND,ND,,,47.9452996,-98.8200922,,,,,,,,,,,
aech_00506,Sweetwater Lake,Sweetwater LakeND,ND,,,46.8798326,-98.2082025,,,,,,wild rice,wild rice,,,,
aech_00507,Tappen Slough,Tappen SloughND,ND,,,46.9412862,-99.6463924,,,,,,,,,,,
aech_00508,Tolley Flats/Tolley Slough,Tolley Flats/Tolley SloughND,ND,,,48.72394,-101.851659,,,,,,,,,,,
aech_00509,"Trautman Slough, west of","Trautman Slough, west ofND",ND,,,46.8248871,-99.1818933,,,,,,,,,,,
aech_00510,Turtle Lake,Turtle LakeND,ND,,,47.5349073,-100.9705565,,,,,,wild rice,wild rice,,,,
aech_00511,Upper Souris National Wildlife Refuge,Upper Souris National Wildlife RefugeND,ND,,,,,,,,,,wild rice,wild rice,,,,
aech_00512,Venturia Wetland,Venturia WetlandND,ND,,,45.975109,-99.537194,,,,,,,,,,,
aech_00513,Wildrose Marsh,Wildrose MarshND,ND,,,48.63625,-103.146755,,,,,,,,,,,
aech_00514,Willow Lake National Wildlife Refuge,Willow Lake National Wildlife RefugeND,ND,,,,,,,,,,,,,,,
aech_00515,Willow Lake,Willow LakeND,ND,,,48.9247275,-100.1462794,,,,,,,,,,,
aech_00516,Alkali Lake,Alkali LakeNE,NE,,,,,,,,,,,,,,,
aech_00517,"Alkali Lake, Camp Valley Quadrangle","Alkali Lake, Camp Valley QuadrangleNE",NE,,,42.2484758,-101.9508267,,,,,,,,,,,
aech_00518,Alkali Pond,Alkali PondNE,NE,,,42.4862025,-100.8966503,,,,,,,,,,,
aech_00519,Anderson Valley,Anderson ValleyNE,NE,,,41.8405378,-102.1024085,,,,,,,,,,,
aech_00520,Billys Lake,Billys LakeNE,NE,,,42.4450072,-102.0898558,,,,,,,,,,,
aech_00521,Black Steer Lake,Black Steer LakeNE,NE,,,41.7585939,-102.3128346,,,,,,,,,,,
aech_00522,Carson Lake,Carson LakeNE,NE,,,42.0798901,-99.1508189,,,,,,,,,,,
aech_00523,Crescent Lake National Wildlife Refuge,Crescent Lake National Wildlife RefugeNE,NE,,,,,,,,,,,,,,,
aech_00524,Dry Lake,Dry LakeNE,NE,,,42.4613831,-101.9864688,,,,,,,,,,,
aech_00525,Edelman Lake,Edelman LakeNE,NE,,,,,,,,,,,,,,,
aech_00526,"Fenn, The","Fenn, TheNE",NE,,,,,,,,,,,,,,,
aech_00527,Flowing Well Lake,Flowing Well LakeNE,NE,,,42.3510761,-101.2423323,,,,,,,,,,,
aech_00528,George Lake,George LakeNE,NE,,,41.9836488,-101.8343764,,,,,,,,,,,
aech_00529,Harlan County Lake/Harlan County Reservoir,Harlan County Lake/Harlan County ReservoirNE9197,NE,9197,948,40.072869,-99.214670,,,,,,,,,,,
aech_00530,"Home Lake, Wolford Valley Quadrangle","Home Lake, Wolford Valley QuadrangleNE",NE,,,42.3021993,-102.0384555,,,,,,,,,,,
aech_00531,"Island Lake, Crescent Lake National Wildlife Refuge","Island Lake, Crescent Lake National Wildlife RefugeNE",NE,,,,,,,,,,,,,,,
aech_00532,Keystone Lake,Keystone LakeNE,NE,,,,,,,,,,,,,,,
aech_00533,Lake McConaughy and Keystone Lake,Lake McConaughy and Keystone LakeNE781,NE,781,913,,,,,,,,,,,,,
aech_00534,Lake McConaughy,Lake McConaughyNE781,NE,781,913,41.214586,-101.673380,,,,,,,,,,,
aech_00535,Lake Ogallala,Lake OgallalaNE,NE,,,41.214011,-101.653007,,,,,,,,,,,
aech_00536,Lincoln County unnamed lake,Lincoln County unnamed lakeNE,NE,,,,,,,,,,,,,,,
aech_00537,"Long Lake, Mother Lake Quadrangle","Long Lake, Mother Lake QuadrangleNE",NE,,,42.2089621,-101.8680036,,,,,,,,,,,
aech_00538,"McKelvie National Forest/Nebraska National Forest (NNF) McKelvie, Merritt Reservoir State Recreation Area","McKelvie National Forest/Nebraska National Forest (NNF) McKelvie, Merritt Reservoir State Recreation AreaNE",NE,,,,,,,,,,,,,,,
aech_00539,McPherson County unnamed lake,McPherson County unnamed lakeNE,NE,,,,,,,,,,,,,,,
aech_00540,"Middle Marsh Lake, Valentine National Wildlife Refuge","Middle Marsh Lake, Valentine National Wildlife RefugeNE",NE,,,,,,,,,,,,,,,
aech_00541,Mother Lake,Mother LakeNE,NE,,,42.1494886,-101.8402801,,,,,,,,,,,
aech_00542,"North Marsh Lake, Valentine National Wildlife Refuge","North Marsh Lake, Valentine National Wildlife RefugeNE",NE,,,,,,,,,,,,,,,
aech_00543,"North Platte SL, south pond","North Platte SL, south pondNE",NE,,,,,,,,,,,,,,,
aech_00544,Panhandle and Sandhill Sites,Panhandle and Sandhill SitesNE,NE,,,,,,,,,,,,,,,
aech_00545,"Roundup Lake, Crescent Lake National Wildlife Refuge","Roundup Lake, Crescent Lake National Wildlife RefugeNE",NE,,,,,,,,,,,,,,,
aech_00546,S B Lake,S B LakeNE,NE,,,42.982276,-101.529187,,,,,,,,,,,
aech_00547,Sandhill Lakes marshes,Sandhill Lakes marshesNE,NE,,,,,,,,,,,cattail; rushes,,,,
aech_00548,Sandhills,SandhillsNE,NE,,,,,,,,,,,,,,,
aech_00549,"Smith Lake, Crescent Lake National Wildlife Refuge","Smith Lake, Crescent Lake National Wildlife RefugeNE",NE,,,,,,,,,,,,,,,
aech_00550,"South Marsh Lake, Valentine National Wildlife Refuge","South Marsh Lake, Valentine National Wildlife RefugeNE",NE,,,,,,,,,,,,,,,
aech_00551,Sutherland Reservoir,Sutherland ReservoirNE,NE,,,41.1049965,-101.1054332,,,,,,,,,,,
aech_00552,"Twentyone Lake, Valentine National Wildlife Refuge","Twentyone Lake, Valentine National Wildlife RefugeNE",NE,,,,,,,,,,,,,,,
aech_00553,Valentine National Wildlife Refuge,Valentine National Wildlife RefugeNE,NE,,,,,,,,,,,,,,,
aech_00554,"Valentine National Wildlife Refuge, esp. Hackberry Lake","Valentine National Wildlife Refuge, esp. Hackberry LakeNE",NE,,,,,,,,,,,,,,,
aech_00555,"Valentine National Wildlife Refuge, esp. Marsh Lake","Valentine National Wildlife Refuge, esp. Marsh LakeNE",NE,,,,,,,,,,,,,,,
aech_00556,"Whitewater Lake, Valentine National Wildlife Refuge","Whitewater Lake, Valentine National Wildlife RefugeNE",NE,,,,,,,,,,,,,,,
aech_00557,Willy Lake,Willy LakeNE,NE,,,42.0108279,-102.0693193,,,,,,,,,,,
aech_00558,Avalon Reservoir/Lake Avalon,Avalon Reservoir/Lake AvalonNM,NM,,,32.499957,-104.248809,,,,,,,,,,,
aech_00559,Black Rock Dam (Zuni Reservation),Black Rock Dam (Zuni Reservation)NM,NM,,,,,,,,,,,,,,,
aech_00560,Black Rock Reservoir (Zuni Reservation),Black Rock Reservoir (Zuni Reservation)NM,NM,,,,,,,,,,,,,,,
aech_00561,Blackrock Bosque,Blackrock BosqueNM,NM,,,35.090444,-108.782473,,,,,,,,,,,
aech_00562,Bosque del Apache National Wildlife Refuge,Bosque del Apache National Wildlife RefugeNM,NM,,,,,,,,,,,,,,,
aech_00563,"Bosque del Apache National Wildlife Refuge, Boardwalk Pond","Bosque del Apache National Wildlife Refuge, Boardwalk PondNM",NM,,,,,,,,,,,,,,,
aech_00564,"Burford and Stone Lakes, Jicarilla Apache Reservation","Burford and Stone Lakes, Jicarilla Apache ReservationNM112766",NM,112766,602,,,,,,,,,,,,,
aech_00565,Burford Lake (Stinking Lake),Burford Lake (Stinking Lake)NM,NM,,,36.6179368,-106.8631513,,,,,,,,,,,
aech_00566,Caballo Lake,Caballo LakeNM9453,NM,9453,664,32.898365,-107.293998,,,,,,,,,,,
aech_00567,Cherry Lake,Cherry LakeNM,NM,,,33.484355,-105.2729423,,,,,,,,,,,
aech_00568,Navajo Reservoir,Navajo ReservoirNM; CO9298,NM; CO,9298,601,,,,,,,,,,,,,
aech_00569,"Crane Lake, Las Vegas National Wildlife Refuge","Crane Lake, Las Vegas National Wildlife RefugeNM",NM,,,,,,,,,,,,,,,
aech_00570,Dulce Lake,Dulce LakeNM,NM,,,36.874916,-107.0052323,,,,,,,,,,,
aech_00571,Eagle Nest Lake,Eagle Nest LakeNM,NM,,,36.533,-105.2652,,,,,,,,,,,
aech_00572,Elephant Butte Lake,Elephant Butte LakeNM831,NM,831,657,,,,,,,,,,,,,
aech_00573,Elephant Butte Lake State Park,Elephant Butte Lake State ParkNM831,NM,831,657,,,,,,,,,,,,,
aech_00574,Elephant Butte Marsh,Elephant Butte MarshNM831,NM,831,657,,,,,,,,,,,,,
aech_00575,Elephant Butte Reservoir,Elephant Butte ReservoirNM831,NM,831,657,,,,,,,,,,,,,
aech_00576,"Elephant Butte Reservoir, Generic Upper","Elephant Butte Reservoir, Generic UpperNM831",NM,831,657,,,,,,,,,,,,,
aech_00577,Enbom Lake,Enbom LakeNM,NM,,,36.7964357,-106.8770165,,,,,,,,,,,
aech_00578,"Enbom Lake, Jicarilla Apache Reservation","Enbom Lake, Jicarilla Apache ReservationNM",NM,,,,,,,,,,,,,,,
aech_00579,Fort Craig National Historic Site,Fort Craig National Historic SiteNM,NM,,,33.629904,-107.007796,,,,,,,,,,,
aech_00580,Heron Reservoir/Heron Lake,Heron Reservoir/Heron LakeNM9301,NM,9301,603,36.666231,-106.704810,,,,,,,,,,,
aech_00581,Holloman Lake/Lake Holloman,Holloman Lake/Lake HollomanNM,NM,,,32.8334199,-106.1338806,,,,,,,,,,,
aech_00582,Holloman Lake/Lake Holloman Wetland Complex Area,Holloman Lake/Lake Holloman Wetland Complex AreaNM,NM,,,,,,,,,,,,,,,
aech_00583,Horse Lake,Horse LakeNM,NM,,,36.7978559,-106.8119406,,,,,,,,,,,
aech_00584,Jicarilla Lake,Jicarilla LakeNM,NM,,,,,,,,,,,,,,,
aech_00585,La Jara Lake,La Jara LakeNM,NM,,,36.7422096,-106.9962449,,,,,,,,,,,
aech_00586,La Joya SGR,La Joya SGRNM,NM,,,,,,,,,,,,,,,
aech_00587,"Lake David, Ruby Ranch","Lake David, Ruby RanchNM",NM,,,35.7661859,-105.1313626,,,,,,,,,,,
aech_00588,Lake Roberts,Lake RobertsNM,NM,,,33.0334041,-108.1672689,,,,,,,,,,,
aech_00589,Lake Sumner/Sumner Lake (Alamagordo Lake),Lake Sumner/Sumner Lake (Alamagordo Lake)NM113110,NM,113110,1109,,,,,,,,,,,,,
aech_00590,Las Vegas National Wildlife Refuge,Las Vegas National Wildlife RefugeNM,NM,,,,,,,,,,,,,,,
aech_00591,Maxwell National Wildlife Refuge,Maxwell National Wildlife RefugeNM,NM,,,,,,,,,,,,,,,
aech_00592,McAllister Lake,McAllister LakeNM,NM,,,35.5225299,-105.1765772,,,,,,,,,,,
aech_00593,Miami Lake,Miami LakeNM,NM,,,36.3460425,-104.8989626,,,,,,,,,,,
aech_00594,Morgan Lake,Morgan LakeNM,NM,,,36.7003866,-108.4704783,,,,,,,,,,,
aech_00595,Mundo Lake,Mundo LakeNM,NM,,,36.872898,-106.928453,,,,,,,,,,,
aech_00596,"Mundo Lake, Jicarilla Apache Reservation","Mundo Lake, Jicarilla Apache ReservationNM",NM,,,,,,,,,,,,,,,
aech_00597,Navajo Reservoir,Navajo ReservoirNM9298,NM,9298,601,,,,,,,,,,,,,
aech_00598,Nutria Lake,Nutria LakeNM,NM,,,35.199414,-108.6760340,,,,,,,,,,,
aech_00599,Red Bluff Reservoir,Red Bluff ReservoirNM,NM,,,32.0369019,-104.0048121,,,,,,,,,,,
aech_00600,Salt Lake (Wagon Mound Lake Waterfowl Management),Salt Lake (Wagon Mound Lake Waterfowl Management)NM,NM,,,,,,,,,,,,,,,
aech_00601,Salt Lake (Wagon Mound Lake),Salt Lake (Wagon Mound Lake)NM,NM,,,36.0344529,-104.7072377,,,,,,,,,,,
aech_00602,"Stone Lake, Jicarilla Reservation","Stone Lake, Jicarilla ReservationNM112766",NM,112766,602,36.711336,-106.875782,,,,,,,,,,,
aech_00603,Stubblefield Lake/Stubblefield Reservoir,Stubblefield Lake/Stubblefield ReservoirNM,NM,,,36.5742976,-104.6628197,,,,,,,,,,,
aech_00604,"Lake Mead, Colony A, Lake Mead National Recreation Area","Lake Mead, Colony A, Lake Mead National Recreation AreaNV809",NV,809,610,,,,,,,,Scirpus maritimus,Scirpus maritimus,,,,
aech_00605,"Lake Mead, Colony B, Lake Mead National Recreation Area","Lake Mead, Colony B, Lake Mead National Recreation AreaNV809",NV,809,610,,,,,,,,Scirpus maritimus,Scirpus maritimus,,,,
aech_00606,"Lake Mead, Colony C, Lake Mead National Recreation Area","Lake Mead, Colony C, Lake Mead National Recreation AreaNV809",NV,809,610,,,,,,,,Scirpus maritimus,Scirpus maritimus,,,,
aech_00607,"Lake Mead, Devils Cove, Lake Mead National Recreation Area","Lake Mead, Devils Cove, Lake Mead National Recreation AreaNV809",NV,809,610,,,157900 acres,reservoir,1936,,,,,Bureau of Reclamation,,,
aech_00608,"Lake Mead, Sandy Cove, Lake Mead National Recreation Area","Lake Mead, Sandy Cove, Lake Mead National Recreation AreaNV809",NV,809,610,,,157900 acres,reservoir,1936,,,,,Bureau of Reclamation,,,
aech_00609,"Lead Lake and Goose Lake, Stillwater National Wildlife Refuge","Lead Lake and Goose Lake, Stillwater National Wildlife RefugeNV",NV,,,,,,,,,,,,,,,
aech_00610,"Pyramid Lake, also described as lake near Sutcliff near Anaho Island","Pyramid Lake, also described as lake near Sutcliff near Anaho IslandNV791",NV,791,,,,,,,,,,,,,,
aech_00611,Ruby Lake National Wildlife Refuge,Ruby Lake National Wildlife RefugeNV,NV,,,,,,,,,,,,,,,
aech_00612,"Saguache County unnamed lake, southwest of Russell Lakes State Wildlife Area","Saguache County unnamed lake, southwest of Russell Lakes State Wildlife AreaNV",NV,,,,,,,,,,bulrush,,,,,
aech_00613,South Fork Reservoir,South Fork ReservoirNV,NV,,,40.6709495,-115.7622388,,,,,,,,,,,
aech_00614,Unnamed,UnnamedNV,NV,,,,,,,,,,,,,,,
aech_00615,Washoe Lake,Washoe LakeNV,NV,,,39.2661178,-119.7969952,,,,,,,,,,,
aech_00616,Anderson Lake,Anderson LakeOR,OR,,,42.5008398,-119.8154926,,,,,,,,,,,
aech_00617,"Baca Lake, Malheur National Wildlife Refuge","Baca Lake, Malheur National Wildlife RefugeOR",OR,,,,,,,,,,,,,,,
aech_00618,Crump Lake,Crump LakeOR,OR,,,42.2821991,-119.8373599,,,,,,tule,tule,,,,
aech_00619,"Crump Lake, west","Crump Lake, westOR",OR,,,,,,,,,,,,,,,
aech_00620,"Derrick Lake, Malheur National Wildlife Refuge","Derrick Lake, Malheur National Wildlife RefugeOR",OR,,,,,,,,,,,,,,,
aech_00621,Dog Lake,Dog LakeOR,OR,,,42.0718633,-120.7094826,,,,,,,,,,,
aech_00622,Dry Lake Reservoir,Dry Lake ReservoirOR,OR,,,43.1549,-118.6394,,,,,,,,,,,
aech_00623,Fern Ridge Reservoir/Fern Ridge Lake,Fern Ridge Reservoir/Fern Ridge LakeOR9019,OR,9019,90,44.117518,-123.296875,,,,,,,,U.S. Army Corps of Engineers; Oregon Department of Fish and Wildlife,,,
aech_00624,"Gerber/Willow Valley, Upper Klamath Basin","Gerber/Willow Valley, Upper Klamath BasinOR9125",OR,9125,112,,,,,,,,,,,,,
aech_00625,Great Basin,Great BasinOR,OR,,,,,,,,,,,,,,,
aech_00626,"Harney Lake at Tanowama Marsh, Malheur National Wildlife Refuge","Harney Lake at Tanowama Marsh, Malheur National Wildlife RefugeOR",OR,,,,,,,,,,,,,,,
aech_00627,"Harney Lake South, Malheur National Wildlife Refuge","Harney Lake South, Malheur National Wildlife RefugeOR771",OR,771,,,,,,,,,,,,,,
aech_00628,"Harney Lake Southwest, Malheur National Wildlife Refuge","Harney Lake Southwest, Malheur National Wildlife RefugeOR771",OR,771,,,,,,,,,,,,,,
aech_00629,"Harney Lake, Malheur National Wildlife Refuge","Harney Lake, Malheur National Wildlife RefugeOR771",OR,771,,,,,,,,,,,,,,
aech_00630,Hart Lake,Hart LakeOR9118,OR,9118,417,42.402668,-119.852229,,,,,,,,,,,
aech_00631,"Hwy 205, Harney County","Hwy 205, Harney CountyOR",OR,,,,,,,,,,,,,,,
aech_00632,Klamath Basin,Klamath BasinOR,OR,,,,,,,,,,,,,,,
aech_00633,Klamath County,Klamath CountyOR,OR,,,,,,,,,,,,,,,
aech_00634,"Klamath Marsh National Wildlife Refuge, Upper Klamath Basin","Klamath Marsh National Wildlife Refuge, Upper Klamath BasinOR",OR,,,,,,,,,,,,,,,
aech_00635,"Klamath River, Upper Klamath Basin","Klamath River, Upper Klamath BasinOR777",OR,777,110,42.238255,-121.814386,,,,,,,,,,,
aech_00636,"Knox Pond east side, Malheur National Wildlife Refuge","Knox Pond east side, Malheur National Wildlife RefugeOR",OR,,,,,,,,,,,,,,,
aech_00637,"Krumbo Reservoir, Malheur National Wildlife Refuge","Krumbo Reservoir, Malheur National Wildlife RefugeOR",OR,,,,,,,,,,,,,,,
aech_00638,"Langell Valley, Upper Klamath Basin","Langell Valley, Upper Klamath BasinOR",OR,,,42.005942,-121.223202,,,,,,,,,,,
aech_00639,Lower Klamath Lake Historic,Lower Klamath Lake HistoricOR,OR,,,42.0762155,-121.8022878,,,,,,,,,,,
aech_00640,"Malheur Lake at Silvies River mouth NW shore, Malheur National Wildlife Refuge","Malheur Lake at Silvies River mouth NW shore, Malheur National Wildlife RefugeOR769",OR,769,,,,,,,,,,,,,,
aech_00641,"Malheur Lake at Sodhouse Marsh SE shore, Malheur National Wildlife Refuge","Malheur Lake at Sodhouse Marsh SE shore, Malheur National Wildlife RefugeOR769",OR,769,,,,,,,,,,,,,,
aech_00642,"Malheur Lake at Windy Point marsh on SW shore, Malheur National Wildlife Refuge","Malheur Lake at Windy Point marsh on SW shore, Malheur National Wildlife RefugeOR769",OR,769,,,,,,,,,,,,,,
aech_00643,"Malheur Lake south, Malheur National Wildlife Refuge","Malheur Lake south, Malheur National Wildlife RefugeOR769",OR,769,,,,,,,,,,,,,,
aech_00644,"Malheur Lake, at mouth of Blitzen River and southwest marsh area, Malheur National Wildlife Refuge","Malheur Lake, at mouth of Blitzen River and southwest marsh area, Malheur National Wildlife RefugeOR769",OR,769,,,,,,,,,,,,,,
aech_00645,"Malheur Lake, East Bathhouse Marsh and Cottonwood, Malheur National Wildlife Refuge","Malheur Lake, East Bathhouse Marsh and Cottonwood, Malheur National Wildlife RefugeOR769",OR,769,,,,,,,,,,,,,,
aech_00646,"Malheur Lake, Malheur National Wildlife Refuge","Malheur Lake, Malheur National Wildlife RefugeOR769",OR,769,,,,,,,,,tule,tule,,,,
aech_00647,"Malheur Lake, near Black Butte Ridge, Malheur National Wildlife Refuge","Malheur Lake, near Black Butte Ridge, Malheur National Wildlife RefugeOR769",OR,769,,,,,,,,,,,,,,
aech_00648,"Malheur Lake, north at Island Ranch, Malheur National Wildlife Refuge","Malheur Lake, north at Island Ranch, Malheur National Wildlife RefugeOR769",OR,769,,,,,,,,,,,,,,
aech_00649,"Malheur Lake, north of at Lawen Colonies, Malheur National Wildlife Refuge","Malheur Lake, north of at Lawen Colonies, Malheur National Wildlife RefugeOR769",OR,769,,,,,,,,,,,,,,
aech_00650,"Malheur Lake, north of at Squarewell, Malheur National Wildlife Refuge","Malheur Lake, north of at Squarewell, Malheur National Wildlife RefugeOR769",OR,769,,,,,,,,,,,,,,
aech_00651,"Malheur Lake, north of at Vogler Swamp in Island Ranch, Malheur National Wildlife Refuge","Malheur Lake, north of at Vogler Swamp in Island Ranch, Malheur National Wildlife RefugeOR769",OR,769,,,,,,,,,,,,,,
aech_00652,"Malheur Lake, north of in Big Red S field, Malheur National Wildlife Refuge","Malheur Lake, north of in Big Red S field, Malheur National Wildlife RefugeOR769",OR,769,,,,,,,,,,,,,,
aech_00653,Malheur National Wildlife Refuge,Malheur National Wildlife RefugeOR769,OR,769,,,,,,,,,,hardstem bulrush,,,,
aech_00654,"Mud Lake, Malheur National Wildlife Refuge","Mud Lake, Malheur National Wildlife RefugeOR",OR,,,,,,,,,,,,,,,
aech_00655,Paulina Marsh,Paulina MarshOR,OR,,,43.2176301,-121.0148186,,,,,,,,,,,
aech_00656,"Sprague River Valley, Upper Klamath Basin","Sprague River Valley, Upper Klamath BasinOR",OR,,,42.548265,-121.621093,,,,,,,,,,,
aech_00657,Spring Lake,Spring LakeOR,OR,,,42.0943245,-121.7464258,,,,,,,,,,,
aech_00658,"Spring Lake Valley/Lost River area, Upper Klamath Basin","Spring Lake Valley/Lost River area, Upper Klamath BasinOR",OR,,,42.142707,-121.673239,,,,,,,,,,,
aech_00659,"Spring Lake Valley/Lost River, Upper Klamath Basin","Spring Lake Valley/Lost River, Upper Klamath BasinOR",OR,,,,,,,,,,,,,,,
aech_00660,Stone Corral Lake,Stone Corral LakeOR,OR,,,42.6188478,-119.6918547,,,,,,,,,,,
aech_00661,"Summer Lake WA areas of Dutchy Lake, Gold Dike Impoundment, Rest Lake, Link Marsh, North Bullgate Refuge, and North Levee Impoundment","Summer Lake WA areas of Dutchy Lake, Gold Dike Impoundment, Rest Lake, Link Marsh, North Bullgate Refuge, and North Levee ImpoundmentOR774",OR,774,,,,1063 acres (open lake water),,,,,,,,,,
aech_00662,Summer Lake WA,Summer Lake WAOR774,OR,774,,,,,,,,,,,,,,
aech_00663,"Swan Lake area, Upper Klamath Basin","Swan Lake area, Upper Klamath BasinOR",OR,,,42.321705,-121.6099268,,,,,,,,,,,
aech_00664,"Thompson Reservoir, Upper Klamath Basin","Thompson Reservoir, Upper Klamath BasinOR111132",OR,111132,105,42.959227,-121.086072,,,,,,,,,,,
aech_00665,Tule Lake Historic,Tule Lake HistoricOR,OR,,,42.0130845,-121.4327715,,,,,,,,,,,
aech_00666,"Upper Klamath Lake (other), Upper Klamath Basin","Upper Klamath Lake (other), Upper Klamath BasinOR777",OR,777,110,,,,,,,,,,,,,
aech_00667,"Upper Klamath Lake area, Williamson River Delta Preserve, Upper Klamath Basin","Upper Klamath Lake area, Williamson River Delta Preserve, Upper Klamath BasinOR",OR,,,,,,,,,,,,The Nature Conservancy,,,
aech_00668,"Upper Klamath Lake, Goose Bay, Upper Klamath Basin","Upper Klamath Lake, Goose Bay, Upper Klamath BasinOR777",OR,777,110,42.238815,-121.811463,,,,,,,,,,,
aech_00669,"Upper Klamath Lake, Klamath Falls, Pelican Marina, Upper Klamath Basin","Upper Klamath Lake, Klamath Falls, Pelican Marina, Upper Klamath BasinOR777",OR,777,110,42.238815,-121.811463,,,,,,,,,,,
aech_00670,"Upper Klamath Lake, Upper Klamath Basin","Upper Klamath Lake, Upper Klamath BasinOR777",OR,777,110,42.238815,-121.811463,,non-reservoir,,,,,,,,,
aech_00671,"Upper Klamath Marsh, Upper Klamath Basin","Upper Klamath Marsh, Upper Klamath BasinOR",OR,,,,,,,,,,,,,,,
aech_00672,"Upper Klamath National Wildlife Refuge, Upper Klamath Basin","Upper Klamath National Wildlife Refuge, Upper Klamath BasinOR777",OR,777,110,,,,,,,,,,,,,
aech_00673,Warner Basin/Warner Lakes/Warner Potholes,Warner Basin/Warner Lakes/Warner PotholesOR,OR,,,,,,,,,,,,,,,
aech_00674,"Yonna Valley area, Upper Klamath Basin","Yonna Valley area, Upper Klamath BasinOR",OR,,,42.207065,-121.477008,,,,,,,,,,,
aech_00675,0.5 mi east of Mound City,0.5 mi east of Mound CitySD,SD,,,45.727116,-100.052278,,,,,,,,,,,
aech_00676,0.7 mi east of Hecla on 104 St.,0.7 mi east of Hecla on 104 St.SD,SD,,,45.879757,-98.130705,,,,,,,,,,,
aech_00677,101 St. @ 453 Ave,101 St. @ 453 AveSD,SD,,,,,,,,,,,,,,,
aech_00678,104 St/Hecla Ponds,104 St/Hecla PondsSD,SD,,,45.878836,-98.181903,,,,,,,,,,,
aech_00679,123 St - 413.5 Ave,123 St - 413.5 AveSD,SD,,,,,,,,,,,,,,,
aech_00680,150 St Farm pond,150 St Farm pondSD,SD,,,,,,,,,,,,,,,
aech_00681,16306 447th Avenue; Florence; South Dakota; US (45.019; -97.27),16306 447th Avenue; Florence; South Dakota; US (45.019; -97.27)SD,SD,,,45.018553,-97.266914,,,,,,,,,,,
aech_00682,177 St.-331 Av SW corner,177 St.-331 Av SW cornerSD,SD,,,,,,,,,,,,,,,
aech_00683,3 locations in Roberts County,3 locations in Roberts CountySD,SD,,,,,,,,,,,,,,,
aech_00684,3.25 mi east of Hecla on 104 St. Portage Ditch @ 104 St.,3.25 mi east of Hecla on 104 St. Portage Ditch @ 104 St.SD,SD,,,45.878449,-98.072245,,,,,,,,,,,
aech_00685,306th Avenue; Selby; South Dakota; US (45.6; -100.069),306th Avenue; Selby; South Dakota; US (45.6; -100.069)SD,SD,,,45.59888,-100.067537,,,,,,,,,,,
aech_00686,350 Ave south of state line,350 Ave south of state lineSD,SD,,,45.929716,-99.201846,,,,,,,,,,,
aech_00687,"381 Ave/CR 14, slightly west of","381 Ave/CR 14, slightly west ofSD",SD,,,,,,,,,,,,,,,
aech_00688,391 Ave,391 AveSD,SD,,,,,,,,,,,,,,,
aech_00689,396th Avenue; Sand Lake National Wildlife Refuge; Columbia; South Dakota; US,396th Avenue; Sand Lake National Wildlife Refuge; Columbia; South Dakota; USSD,SD,,,,,,,,,,,,,,,
aech_00690,"415th Ave east of Claremont, 415th Ave Slough, 45.681, -97.918","415th Ave east of Claremont, 415th Ave Slough, 45.681, -97.918SD",SD,,,,,,,,,,,,,,,
aech_00691,458th Ave pond,458th Ave pondSD,SD,,,,,,,,,,,,,,,
aech_00692,Akerson Waterfowl Production Area,Akerson Waterfowl Production AreaSD,SD,,,,,,,,,,,,,,,
aech_00693,"Alkali Lake, Kempf Waterfowl Production Area, southeast of","Alkali Lake, Kempf Waterfowl Production Area, southeast ofSD",SD,,,,,,,,,,,,,,,
aech_00694,Belle Fourche Reservoir/Belle Fourche Dam/Orman Dam,Belle Fourche Reservoir/Belle Fourche Dam/Orman DamSD8945,SD,8945,868,44.7340889,-103.7051357,,,,,,,,,,,
aech_00695,Bitter Lake,Bitter LakeSD,SD,,,45.2726302,-97.3246646,,,,,,,,,,,
aech_00696,Black Slough,Black SloughSD,SD,,,45.7603798,-97.5516166,,,,,,,,,,,
aech_00697,Blue Blanket Lake,Blue Blanket LakeSD,SD,,,45.5744362,-100.1537349,,,,,,,,,,,
aech_00698,Blue Dog Lake,Blue Dog LakeSD,SD,,,45.3520217,-97.3006865,,,,,,,,,,,
aech_00699,Blythe Slough,Blythe SloughSD,SD,,,44.9120237,-97.4273429,,,,,,,,,,,
aech_00700,Britton Pond,Britton PondSD,SD,,,,,,,,,,,,,,,
aech_00701,"Broz Waterfowl Production Area, south of","Broz Waterfowl Production Area, south ofSD",SD,,,,,,,,,,,,,,,
aech_00702,Buffalo Lake,Buffalo LakeSD,SD,,,,,,,,,,,,,,,
aech_00703,Bullhead Lake,Bullhead LakeSD,SD,,,45.4309208,-96.7715968,,,,,,,,,,,
aech_00704,Caseys Slough,Caseys SloughSD,SD,,,44.8792381,-97.6235955,,,,,,,,,,,
aech_00705,Cherry Lake,Cherry LakeSD,SD,,,44.545629,-97.5253618,,,,,,,,,,,
aech_00706,Christopherson Game Production Area/Waterfowl Production Area,Christopherson Game Production Area/Waterfowl Production AreaSD,SD,,,,,,,,,,,,,,,
aech_00707,Claremont Slough,Claremont SloughSD,SD,,,,,,,,,,,,,,,
aech_00708,Clubhouse Lake,Clubhouse LakeSD,SD,,,45.8994043,-96.6025704,,,,,,,,,,,
aech_00709,Collins Slough,Collins SloughSD,SD,,,44.3561278,-99.1247644,,,,,,,,,,,
aech_00710,Cottonwood Slough,Cottonwood SloughSD,SD,,,,,,,,,,,,,,,
aech_00711,Cramer Waterfowl Production Area,Cramer Waterfowl Production AreaSD,SD,,,,,,,,,,,,,,,
aech_00712,Crawford Game Production Area,Crawford Game Production AreaSD,SD,,,,,,,,,,,,,,,
aech_00713,Crow Creek Ditch at 111st St,Crow Creek Ditch at 111st StSD,SD,,,,,,,,,,,,,,,
aech_00714,Crow Creek Drainage Ditch,Crow Creek Drainage DitchSD,SD,,,45.766622,-98.05612,,,,,,,,,,,
aech_00715,Dayton Creek Ditch @ 104th St and Dayton Stena Ditch @ 101st St and 104th St,Dayton Creek Ditch @ 104th St and Dayton Stena Ditch @ 101st St and 104th StSD,SD,,,45.884072,-97.902633,,,,,,,,,,,
aech_00716,Deadmans Lake,Deadmans LakeSD,SD,,,43.195032,-101.5559810,,,,,,,,,,,
aech_00717,"Dry Lake #2/Dry Lake Waterfowl Production Area, east of South Dakota 25","Dry Lake #2/Dry Lake Waterfowl Production Area, east of South Dakota 25SD",SD,,,,,,,,,,,,,,,
aech_00718,Dry Lake No. 2,Dry Lake No. 2SD,SD,,,,,,,,,,,,,,,
aech_00719,Drywood Lakes,Drywood LakesSD,SD,,,45.5705633,-97.1813537,,,,,,,,,,,
aech_00720,Dulitz Waterfowl Production Area,Dulitz Waterfowl Production AreaSD,SD,,,,,,,,,,,,,,,
aech_00721,East Lake Badus,East Lake BadusSD,SD,,,,,,,,,,,,,,,
aech_00722,Eastman Game Production Area,Eastman Game Production AreaSD,SD,,,,,,,,,,,,,,,
aech_00723,Elm River near Columbia,Elm River near ColumbiaSD,SD,,,45.595279,-98.316946,,,,,,,,,,,
aech_00724,Englehardt Slough/Weisensee Lake/ Weisensee Slough,Englehardt Slough/Weisensee Lake/ Weisensee SloughSD,SD,,,43.5872962,-97.124116,,,,,,,,,,,
aech_00725,Flight Lake,Flight LakeSD,SD,,,45.181372,-99.9293679,,,,,,,,,,,
aech_00726,Fox Lake,Fox LakeSD,SD,,,44.655553,-96.5234573,,,,,,,,,,,
aech_00727,Goose Lake,Goose LakeSD,SD,,,44.8466112,-97.2727864,,,,,,,,,,,
aech_00728,Graves Waterfowl Production Area,Graves Waterfowl Production AreaSD,SD,,,,,,,,,,,,,,,
aech_00729,"Green Lake, north of Gettysburg","Green Lake, north of GettysburgSD",SD,,,45.1114,-99.960516,,,,,,,,,,,
aech_00730,Hauck/Schultz Waterfowl Production Area,Hauck/Schultz Waterfowl Production AreaSD,SD,,,,,,,,,,,,,,,
aech_00731,"Hecla Game Production Area/Waterfowl Production Area, east","Hecla Game Production Area/Waterfowl Production Area, eastSD",SD,,,,,,,,,,,,,,,
aech_00732,Hecla Ponds,Hecla PondsSD,SD,,,45.920975,-98.103486,,,,,,,,,,,
aech_00733,"Hecla, near","Hecla, nearSD",SD,,,45.878701,-98.134472,,,,,,,,,,,
aech_00734,Helgeson Game Production Area,Helgeson Game Production AreaSD,SD,,,,,,,,,,,,,,,
aech_00735,Hemmingway/Zubke Game Production Area,Hemmingway/Zubke Game Production AreaSD,SD,,,,,,,,,,,,,,,
aech_00736,Herman Waterfowl Production Area/Herman-Jutzy Waterfowl Production Area,Herman Waterfowl Production Area/Herman-Jutzy Waterfowl Production AreaSD,SD,,,,,,,,,,,,,,,
aech_00737,Hwy 47 marsh,Hwy 47 marshSD,SD,,,,,,,,,,,,,,,
aech_00738,Hwy 83,Hwy 83SD,SD,,,,,,,,,,,,,,,
aech_00739,Job-Anderson Waterfowl Production Area,Job-Anderson Waterfowl Production AreaSD,SD,,,,,,,,,,,,,,,
aech_00740,Johnsons Slough,Johnsons SloughSD,SD,,,44.5658,-97.445083,,,,,,,,,,,
aech_00741,Kalt Waterfowl Production Area,Kalt Waterfowl Production AreaSD,SD,,,,,,,,,,,,,,,
aech_00742,Kriesch Waterfowl Production Area,Kriesch Waterfowl Production AreaSD,SD,,,,,,,,,,,,,,,
aech_00743,"Lake Andes, 3882238844 288th St; US-SD (43.2131;-98.4147)","Lake Andes, 3882238844 288th St; US-SD (43.2131;-98.4147)SD",SD,,,,,,,,,,,,,,,
aech_00744,"Lake Andes, Lake Andes National Wildlife Refuge","Lake Andes, Lake Andes National Wildlife RefugeSD",SD,,,,,,,,,,,,,,,
aech_00745,Lake Byron,Lake ByronSD,SD,,,44.566853,-98.1369498,,,,,,,,,,,
aech_00746,Lake Henry,Lake HenrySD,SD,,,44.3282314,-97.485423,,,,,,,,,,,
aech_00747,Lake Marsh West Game Production Area,Lake Marsh West Game Production AreaSD,SD,,,,,,,,,,,,,,,
aech_00748,Lake Pocasse,Lake PocasseSD,SD,,,45.895634,-100.260291,,,,,,,,,,,
aech_00749,Lake Thompson,Lake ThompsonSD,SD,,,,,,,,,,,,,,,
aech_00750,"Lake Thompson, Holland Waterfowl Production Area","Lake Thompson, Holland Waterfowl Production AreaSD",SD,,,,,,,,,,,,,,,
aech_00751,Lake Whitewood,Lake WhitewoodSD,SD,,,44.318818,-97.346253,,,,,,,,,,,
aech_00752,"LANWR, North Unit and Johnson's Bay","LANWR, North Unit and Johnson's BaySD",SD,,,,,,,,,,,,,,,
aech_00753,Lemmon Lake,Lemmon LakeSD,SD,,,45.7755607,-102.0162620,,,,,,,,,,,
aech_00754,Little Rush Lake,Little Rush LakeSD,SD,,,45.3333633,-97.3340419,,,,,,,,,,,
aech_00755,"Lohner-Vincent Game Production Area, east","Lohner-Vincent Game Production Area, eastSD",SD,,,,,,,,,,,,,,,
aech_00756,Long Lake,Long LakeSD,SD,,,45.8456754,-99.2676497,,,,,,,,,,,
aech_00757,Marshall Co. 11 - 415 Ave.,Marshall Co. 11 - 415 Ave.SD,SD,,,,,,,,,,,,,,,
aech_00758,"Mud Lake, Sand Lake National Wildlife Refuge","Mud Lake, Sand Lake National Wildlife RefugeSD",SD,,,,,,,,,,,,,,,
aech_00759,"Mud Lake, South Clark","Mud Lake, South ClarkSD",SD,,,,,,,,,,,,,,,
aech_00760,"Mud Lake, Willow Lake","Mud Lake, Willow LakeSD",SD,,,,,,,,,,,,,,,
aech_00761,"New Holland Lake, New Holland Waterfowl Production Area","New Holland Lake, New Holland Waterfowl Production AreaSD",SD,,,,,,,,,,,,,,,
aech_00762,Newark Stateline pond,Newark Stateline pondSD,SD,,,45.934481,-97.780316,,,,,,,,,,,
aech_00763,Newport Colony Lake and Newport Township,Newport Colony Lake and Newport TownshipSD,SD,,,45.668456,-97.927945,,,,,,,,,,,
aech_00764,Odessa #1 Game Production Area,Odessa #1 Game Production AreaSD,SD,,,,,,,,,,,,,,,
aech_00765,Owen Lake/Owens Lake,Owen Lake/Owens LakeSD,SD,,,45.4667629,-102.4041555,,,,,,,,,,,
aech_00766,Piyas Lake,Piyas LakeSD,SD,,,45.5841139,-97.3363776,,,,,,,,,,,
aech_00767,"Platte Creek, also at 258th St","Platte Creek, also at 258th StSD",SD,,,,,,,,,,,,,,,
aech_00768,Platte Lake,Platte LakeSD,SD,,,43.6661075,-98.7738487,,,,,,,,,,,
aech_00769,Portage Dayton Ditch @ 107 St.,Portage Dayton Ditch @ 107 St.SD,SD,,,,,,,,,,,,,,,
aech_00770,Putney #3 Game Production Area,Putney #3 Game Production AreaSD,SD,,,,,,,,,,,,,,,
aech_00771,Red Lake,Red LakeSD,SD,,,43.7261158,-99.2240701,,,,,,,,,,,
aech_00772,Reetz's Lake,Reetz's LakeSD,SD,,,45.252259,-97.515223,,,,,,,,,,,
aech_00773,Renzienhausen Game Production Area/Renziehausen Game Production Area,Renzienhausen Game Production Area/Renziehausen Game Production AreaSD,SD,,,,,,,,,,,,,,,
aech_00774,Reynolds Slough Game Production Area,Reynolds Slough Game Production AreaSD,SD,,,,,,,,,,,,,,,
aech_00775,Roosevelt Lake/Lake Roosevelt,Roosevelt Lake/Lake RooseveltSD,SD,,,43.2015388,-99.6194889,,,,,,,,,,,
aech_00776,Round Lake Waterfowl Production Area,Round Lake Waterfowl Production AreaSD,SD,,,,,,,,,,,,,,,
aech_00777,Runge Slough,Runge SloughSD,SD,,,44.671702,-96.507572,,,,,,,,,,,
aech_00778,Sand Lake and Sand Lake National Wildlife Refuge and Lansing and Greenfield Townships,Sand Lake and Sand Lake National Wildlife Refuge and Lansing and Greenfield TownshipsSD,SD,,,,,,,,,,,,,,,
aech_00779,"Sand Lake Game Production Area, south of","Sand Lake Game Production Area, south ofSD",SD,,,,,,,,,,,,,,,
aech_00780,Sand Lake National Wildlife Refuge,Sand Lake National Wildlife RefugeSD,SD,,,,,,,,,,,,,,,
aech_00781,Sather Slough,Sather SloughSD,SD,,,45.788164,-96.951029,,,,,,,,,,,
aech_00782,SD37 Slough,SD37 SloughSD,SD,,,,,,,,,,,,,,,
aech_00783,Solomon Slough/Redetzke Game Production Area,Solomon Slough/Redetzke Game Production AreaSD,SD,,,,,,,,,,,,,,,
aech_00784,South Scatterwood Lake,South Scatterwood LakeSD,SD,,,45.2152588,-98.7497784,,,,,,,,,,,
aech_00785,Spring Lake,Spring LakeSD,SD,,,45.43161,-99.83297,,,,,,,,,,,
aech_00786,Stone Lake,Stone LakeSD,SD,,,44.8802445,-99.7458898,,,,,,,,,,,
aech_00787,Stop Sign Island pond,Stop Sign Island pondSD,SD,,,,,,,,,,,,,,,
aech_00788,Swan Lake,Swan LakeSD,SD,,,45.2932269,-99.8597872,,,,,,,,,,,
aech_00789,Thullner Waterfowl Production Area/Thulner Waterfowl Production Area,Thullner Waterfowl Production Area/Thulner Waterfowl Production AreaSD,SD,,,,,,,,,,,,,,,
aech_00790,Timber Lake,Timber LakeSD,SD,,,45.4359866,-101.0679380,,,,,,,,,,,
aech_00791,Torrey Lake,Torrey LakeSD,SD,,,43.5328423,-98.8731143,,,,,,,,,,,
aech_00792,Twin Lakes,Twin LakesSD,SD,,,44.3019117,-97.1453307,,,,,,,,,,,
aech_00793,"unnamed lake at Hwy 11 and 13, Newport, Marshall Co. 11 - 415 Ave. - Claremont rookery AND Amherst drainage @ 121 St (Newport Twp)","unnamed lake at Hwy 11 and 13, Newport, Marshall Co. 11 - 415 Ave. - Claremont rookery AND Amherst drainage @ 121 St (Newport Twp)SD",SD,,,,,,,,,,,,,,,
aech_00794,"unnamed lake at Roosevelt and 147th St, Bristol","unnamed lake at Roosevelt and 147th St, BristolSD",SD,,,,,,,,,,,,,,,
aech_00795,"unnamed lake east of corner of 24 and 23, SW of Webster near/in Kriech-Lanager Waterfowl Production Area (AY)","unnamed lake east of corner of 24 and 23, SW of Webster near/in Kriech-Lanager Waterfowl Production Area (AY)SD",SD,,,,,,,,,,,,,,,
aech_00796,unnamed lake in SW Marshall County,unnamed lake in SW Marshall CountySD,SD,,,,,,,,,,,,,,,
aech_00797,"unnamed lake NE from corner of 415th Ave and Hwy 4, Britton","unnamed lake NE from corner of 415th Ave and Hwy 4, BrittonSD",SD,,,,,,,,,,,,,,,
aech_00798,unnamed lake NW of 167th St and Hwy 101 in Gettysburg,unnamed lake NW of 167th St and Hwy 101 in GettysburgSD,SD,,,,,,,,,,,,,,,
aech_00799,"unnamed lake NW of corner of 24 and 23, SW of Webster near/in Kriech-Lanager Waterfowl Production Area, Rusk Township (AY)","unnamed lake NW of corner of 24 and 23, SW of Webster near/in Kriech-Lanager Waterfowl Production Area, Rusk Township (AY)SD",SD,,,,,,,,,,,,,,,
aech_00800,"unnamed lake NW of corner of Hwy 11 and 106th St, Dayton Township","unnamed lake NW of corner of Hwy 11 and 106th St, Dayton TownshipSD",SD,,,,,,,,,,,,,,,
aech_00801,unnamed lake,unnamed lakeSD,SD,,,,,,,,,,,,,,,
aech_00802,"unnamed lake SE of 104th St and 416th Ave, Newark Township","unnamed lake SE of 104th St and 416th Ave, Newark TownshipSD",SD,,,,,,,,,,,,,,,
aech_00803,Wall Lake,Wall LakeSD,SD,,,44.259675,-99.0129529,,,,,,,,,,,
aech_00804,Waterfowl Production Area/438th Ave,Waterfowl Production Area/438th AveSD,SD,,,,,,,,,,,,,,,
aech_00805,Waubay National Wildlife Refuge (NWR),Waubay National Wildlife Refuge (NWR)SD,SD,,,45.415988,-97.337353,,,,,,,,,,,
aech_00806,"West Waterfowl Production Area, South Unit","West Waterfowl Production Area, South UnitSD",SD,,,,,,,,,,,,,,,
aech_00807,White Lake,White LakeSD,SD,,,43.0422548,-100.6958368,,,,,,,,,,,
aech_00808,Wieting Waterfowl Production Area,Wieting Waterfowl Production AreaSD,SD,,,,,,,,,,,,,,,
aech_00809,Wobig/Skoglund Waterfowl Production Area,Wobig/Skoglund Waterfowl Production AreaSD,SD,,,,,,,,,,,,,,,
aech_00810,Zabrasha Game Production Area,Zabrasha Game Production AreaSD,SD,,,,,,,,,,,,,,,
aech_00811,Buffalo Pound Lake,Buffalo Pound LakeSK,SK,,,50.648171,-105.508275,29.5 km2,,,,,,,,,,
aech_00812,Crooked Lake,Crooked LakeSK,SK,,,50.601098,-102.777790,,,,,,,,,,,
aech_00813,Dor Lake,Dor LakeSK547,SK,547,,54.705994,-107.586458,,,,,,,,,,,
aech_00814,Echo Lake,Echo LakeSK,SK,,,50.800681,-103.844772,,,,,,,,,,,
aech_00815,Fife Lake,Fife LakeSK,SK,,,49.227727,-105.906714,,,,,,,,,,,
aech_00816,Fishing Lake,Fishing LakeSK,SK,,,51.833314,-103.533351,,,,,,,,,,,
aech_00817,Good Spirit Lake,Good Spirit LakeSK,SK,,,51.559664,-102.659954,,,,,,,,,,,
aech_00818,Grass Lake,Grass LakeSK,SK,,,52.187826,-109.265491,,,,,,,,,,,
aech_00819,Highfield Reservoir,Highfield ReservoirSK99177,SK,99177,266,50.308754,-107.385953,,,,,,,,,,,
aech_00820,Jackfish Lake,Jackfish LakeSK,SK,,,53.072246,-108.407846,,,,,,,,,,,
aech_00821,Katepwa Lake,Katepwa LakeSK,SK,,,50.680453,-103.625056,,,,,,,,,,,
aech_00822,Lac Des Iles,Lac Des IlesSK,SK,,,54.435264,-109.425235,,,,,,,,,,,
aech_00823,Lake Diefenbaker,Lake DiefenbakerSK643,SK,643,253,,,,,,,,,,,,,
aech_00824,Last Mountain Lake/Long Lake,Last Mountain Lake/Long LakeSK657,SK,657,,51.308319,-105.259151,233 km2,,,,,,Scirpus,,,,
aech_00825,McLean Lake,McLean LakeSK,SK,,,56.428165,-109.237461,,,,,,,,,,,
aech_00826,Mission Lake,Mission LakeSK,SK,,,,,,,,,,,,,,,
aech_00827,Mission Lake/Lebret Lake,Mission Lake/Lebret LakeSK,SK,,,51.92189,-104.152194,,,,,,,,,,,
aech_00828,Mud Lake,Mud LakeSK,SK,,,,,,,,,,,,,,,
aech_00829,Murray Lake,Murray LakeSK,SK,,,53.049993,-108.299987,,,,,,,,,,,
aech_00830,Old Wives Lake,Old Wives LakeSK,SK,,,50.1000297,-106.0005867,,,,,,,Schoenoplectus; Typha,,,,
aech_00831,Pasqua Lake,Pasqua LakeSK,SK,,,50.792476,-103.947813,,,,,,,,,,,
aech_00832,Paysen Lake (Horfield Lake),Paysen Lake (Horfield Lake)SK,SK,,,50.718423,-106.741164,,,,,,,,,,,
aech_00833,Pelican Lake,Pelican LakeSK,SK,,,50.536231,-106.006351,,,,,,,,,,,
aech_00834,"Quill Lakes, Big and Middle/Little","Quill Lakes, Big and Middle/LittleSK",SK,,,,,,,,,,,Schoenoplectus; Typha,,,,
aech_00835,Round Lake,Round LakeSK,SK,,,50.54408,-102.395396,,,,,,,,,,,
aech_00836,Saskatchewan,SaskatchewanSK,SK,,,,,,,,,,,,,,,
aech_00837,Saskatoon Area,Saskatoon AreaSK,SK,,,52.111552,-106.775541,,,,,,,,,,,
aech_00838,Saskatoon Lake,Saskatoon LakeSK,SK,,,59.560094,-102.757465,,,,,,,,,,,
aech_00839,Turtle Lake,Turtle LakeSK,SK,,,53.588787,-108.641491,,,,,,,,,,,
aech_00840,Valeport Lake/Valeport Marsh,Valeport Lake/Valeport MarshSK,SK,,,50.741482,-104.874851,,,,,,,,,,,
aech_00841,Waterhen Lake,Waterhen LakeSK,SK,,,,,,,,,,,,,,,
aech_00842,Woodley and St. Lukes Lake,Woodley and St. Lukes LakeSK,SK,,,,,,,,,,,,,,,
aech_00843,Bottle Hollow Reservoir,Bottle Hollow ReservoirUT112114,UT,112114,483,40.290901,-109.878405,160 ha,,,,,,,,,,
aech_00844,Chicken Creek Reservoir,Chicken Creek ReservoirUT,UT,,,39.4913843,-111.9612743,,,,,,,,,,,
aech_00845,Cutler Marsh,Cutler MarshUT9142,UT,9142,427,41.743919,-111.951339,,,,,,,,,,,
aech_00846,Enterprise Reservoir,Enterprise ReservoirUT,UT,,,,,,,,,,,,,,,
aech_00847,"Flaming Gorge, Henry Fork","Flaming Gorge, Henry ForkUT784",UT,784,451,,,,,,,,,,,,,
aech_00848,Great Salt Lake,Great Salt LakeUT67,UT,67,,41.410417,-112.831250,,,,,,,,,,,
aech_00849,"Great Salt Lake, Bear River Migratory Bird Refuge","Great Salt Lake, Bear River Migratory Bird RefugeUT67",UT,67,,41.501947,-112.074784,"9268 ha water, 5811 ha marsh",reservoir,,,,"narrowleaf cattail (Typha angustifolia); hardstem bulrush (Scirpus acutus); alkali bulrushes (Scirpus americanus and S. paludosus); saltgrass (Distichlis stricta); pondweed (Potamogeton spp)| Cattail (Typha latifolia); bulrushes (Scirpus americana and S. paludosus); saltgrass (Distichlis stricta); pondweeds (Potarnogeton
spp.)| Narrowleaf cattail (Thypha angustifolia); hardstem bulrush (Scirpus acutus); alkali bullrushes (Scirpus
americanus and S. paludosus); saltgrass (Distichlis stricta); pondweed (Potamogeton spp.)",hardstem bulrush; cattail; alkali bulrush; sago pondweed,,,,
aech_00850,"Great Salt Lake, Bear River Migratory Bird Refuge, Unit 1C","Great Salt Lake, Bear River Migratory Bird Refuge, Unit 1CUT67",UT,67,,,,,,,,,,,,,,
aech_00851,"Great Salt Lake, Bear River Migratory Bird Refuge, Unit 6","Great Salt Lake, Bear River Migratory Bird Refuge, Unit 6UT67",UT,67,,,,,,,,,,,,,,
aech_00852,"Great Salt Lake, Farmington Bay WMA","Great Salt Lake, Farmington Bay WMAUT67",UT,67,,,,,,,,,,,,,,
aech_00853,"Great Salt Lake, Farmington Bay, Crystal Unit","Great Salt Lake, Farmington Bay, Crystal UnitUT67",UT,67,,,,7300 ha total,,,,,,,,,,
aech_00854,"Great Salt Lake, Farmington Bay, other areas","Great Salt Lake, Farmington Bay, other areasUT67",UT,67,,,,7300 ha total,,,,,,,,,,
aech_00855,"Great Salt Lake, Farmington Bay, Turpin Unit","Great Salt Lake, Farmington Bay, Turpin UnitUT67",UT,67,,,,7300 ha total,,,,,,,,,,
aech_00856,"Great Salt Lake, Ogden Bay","Great Salt Lake, Ogden BayUT",UT,,,,,8000 ha,,,,,,,,,,
aech_00857,"Great Salt Lake, Ogden Bay, Units 1-3","Great Salt Lake, Ogden Bay, Units 1-3UT67",UT,67,,,,,,,,,,,,,,
aech_00858,"Great Salt Lake, Public Shooting Grounds WMA, Pintail Lake","Great Salt Lake, Public Shooting Grounds WMA, Pintail LakeUT67",UT,67,,41.578567,-112.31614,,,,,,,,,,,
aech_00859,"Great Salt Lake, Willard Bay","Great Salt Lake, Willard BayUT67",UT,67,,41.381203,-112.178432,,,,,,,,,,,
aech_00860,"Great Salt Lake, Willard Spur, 2","Great Salt Lake, Willard Spur, 2UT67",UT,67,,,,,,,,,,,,,,
aech_00861,Koosharem Reservoir,Koosharem ReservoirUT,UT,,,38.59995,-111.84697,,,,,,,,,,,
aech_00862,Lake Powell,Lake PowellUT802,UT,802,597,36.939635,-111.485228,,,,,,,,,,,
aech_00863,"Lake Powell, Hall's Creek Bay","Lake Powell, Hall's Creek BayUT802",UT,802,597,,,,,,,,,,,,,
aech_00864,Machine Lake/Knudson Marsh,Machine Lake/Knudson MarshUT,UT,,,41.488828,-112.10092,250 acres,,,,,,,,,,
aech_00865,Mantua Reservoir,Mantua ReservoirUT,UT,,,41.5046243,-111.9326915,,,,,,,,,,,
aech_00866,Matt Warner Reservoir,Matt Warner ReservoirUT,UT,,,40.7719311,-109.2989065,,,,,,,,,,,
aech_00867,Minersville Reservoir,Minersville ReservoirUT,UT,,,38.2361287,-112.8155735,450 ha,,,,,,,,,,
aech_00868,"Minersville Reservoir, East and West","Minersville Reservoir, East and WestUT",UT,,,,,,,,,,,,,,,
aech_00869,Ninemile Reservoir,Ninemile ReservoirUT,UT,,,,,,,,,,,,,,,
aech_00870,Ouray National Wildlife Refuge,Ouray National Wildlife RefugeUT,UT,,,,,500 ha,,,,,,,,,,
aech_00871,"Ouray National Wildlife Refuge, Woodsbottom Pond","Ouray National Wildlife Refuge, Woodsbottom PondUT",UT,,,,,,,,,,,,,,,
aech_00872,Panguitch Lake,Panguitch LakeUT112608,UT,112608,563,,,1600 ha,,,,,,,,,,
aech_00873,Pelican Lake,Pelican LakeUT112133,UT,112133,489,40.189529,-109.666085,,,,,,,,,,,
aech_00874,Pineview Reservoir,Pineview ReservoirUT111822,UT,111822,438,41.254826,-111.841795,,,,,,,,,,,
aech_00875,"Scipio Lake, Unit 1","Scipio Lake, Unit 1UT112370",UT,112370,525,,,,,,,,,,,,,
aech_00876,Scofield Reservoir,Scofield ReservoirUT112216,UT,112216,506,39.788265,-111.128280,,,,,,,,,,,
aech_00877,"Stewart Lake, West","Stewart Lake, WestUT",UT,,,,,,,,,,,,,,,
aech_00878,Strawberry Lake,Strawberry LakeUT9194,UT,9194,493,,,7900 ha,,,,,,,,,,
aech_00879,"Utah Lake, Powell Slough","Utah Lake, Powell SloughUT788",UT,788,479,40.358628,-111.892115,,,,,,,,,,,
aech_00880,"Utah Lake, Provo Airport Dike Road","Utah Lake, Provo Airport Dike RoadUT788",UT,788,479,,,,,,,,,,,,,
aech_00881,"Utah Lake, Provo Bay","Utah Lake, Provo BayUT788",UT,788,479,40.358628,-111.892115,,,,,,,,,,,
aech_00882,Yuba Lake,Yuba LakeUT,UT,,,39.269699,-111.898592,2000 ha,,,,,,,,,,
aech_00883,Banks Lake (multiple areas),Banks Lake (multiple areas)WA725,WA,725,311,,,,,,,,,,,,,
aech_00884,Banks Lake,Banks LakeWA725,WA,725,311,47.85385,-119.171805,,,,,,,,,,,
aech_00885,Brook Lake,Brook LakeWA,WA,,,47.4353993,-119.2525600,,,,,,,,,,,
aech_00886,Eastern WA,Eastern WAWA,WA,,,,,,,,,,,,,,,
aech_00887,Lake Lenore,Lake LenoreWA,WA,,,,,,,1950,,,,,,,,
aech_00888,"Long Lake/Lake Spokane, Lower Spokane River","Long Lake/Lake Spokane, Lower Spokane RiverWA8448",WA,8448,313,47.834300,-117.837699,,,,,,,,,,,
aech_00889,"Moses Lake (Goat, Gailey's, Marsh and Crest Islands)","Moses Lake (Goat, Gailey's, Marsh and Crest Islands)WA8556",WA,8556,327,,,,,,,,,,,,,
aech_00890,Moses Lake,Moses LakeWA8556,WA,8556,327,47.085252,-119.330130,,,1950,,,,,,,,
aech_00891,Owhi Lake,Owhi LakeWA,WA,,,48.233895,-118.900373,,,,,,,,,,,
aech_00892,Potholes Reservoir (multiple areas),Potholes Reservoir (multiple areas)WA8580,WA,8580,329,,,,,,,,,,Washington Department of Fish and Wildlife; Bureau of Reclamation,,,
aech_00893,Potholes Reservoir,Potholes ReservoirWA,WA,,,,,300 acres,,1950,,,,,,,,
aech_00894,Potholes Reservoir,Potholes ReservoirWA8580,WA,8580,329,,,,,,,,,,,,,
aech_00895,Saddle Mountain Lake,Saddle Mountain LakeWA,WA,,,46.6915229,-119.6447892,,,,,,,,,,,
aech_00896,Sprague Lake/Colville Lake,Sprague Lake/Colville LakeWA,WA,,,47.259702,-118.065938,,,,,,,,,,,
aech_00897,"Twin Lakes, North and South","Twin Lakes, North and SouthWA103784",WA,103784,302,48.277278,-118.378177,,,,,,,,,,,
aech_00898,Upper Hampton Lake,Upper Hampton LakeWA,WA,,,,,,,,,,,,,,,
aech_00899,Winchester Lake and Wasteway,Winchester Lake and WastewayWA,WA,,,,,,,,,,,,,,,
aech_00900,Rush Lake,Rush LakeWI,WI,,,43.927113,-88.800316,1245 ha,,,,,hardstem bulrush (Scirpus acutus); cattail (Typha latifolia and T. angustifolia),bulrush,,,,
aech_00901,Beck Lake,Beck LakeWY,WY,,,,,,,,,,,,,,,
aech_00902,Bucklin Reservoir,Bucklin ReservoirWY,WY,,,,,,,,,,,,,,,
aech_00903,Bucklin Reservoirs (2 lakes),Bucklin Reservoirs (2 lakes)WY,WY,,,,,,,,,,,,,,,
aech_00904,Caldwell Lake,Caldwell LakeWY,WY,,,41.1563956,-105.7909502,99.4 ha,,,,,Scirpus acutus; Scirpus americanus,,,,,
aech_00905,Clifford F. Graham Reservoir,Clifford F. Graham ReservoirWY,WY,,,41.25985,-110.255361,,,,,,,,,,,
aech_00906,Fontenelle Reservoir,Fontenelle ReservoirWY,WY,,,,,,,,,,,,,,,
aech_00907,Goshen Hole Reservoir,Goshen Hole ReservoirWY,WY,,,,,,,,,,,,,,,
aech_00908,Lovell Lakes,Lovell LakesWY,WY,,,44.8031797,-108.3608207,,,,,,,,,,,
aech_00909,Meeboer Lake,Meeboer LakeWY,WY,,,41.2137968,-105.8209503,91.4 ha,,,,,Scirpus acutus; Scirpus americanus,,,,,
aech_00910,Mortensen B Lake,Mortensen B LakeWY,WY,,,,,38.3 ha,,,,,Scirpus acutus,,,,,
aech_00911,Ocean Lake,Ocean LakeWY,WY,,,43.181647755,-108.6026000977,,,,,,,,,,,
aech_00912,Snake River near Alpine and Palisades Reservoir,Snake River near Alpine and Palisades ReservoirWY,WY,,,43.172467,-111.042829,,,,,,,,,,,
aech_00913,Snake River near Moose,Snake River near MooseWY,WY,,,43.655122,-110.714229,,,,,,,,,,,
aech_00914,Wardell Reservoir,Wardell ReservoirWY,WY,,,44.34912,-108.30733,,,,,,,,,,,
